<?xml version="1.0" encoding="Windows-1252"?>
<!DOCTYPE POWERMART SYSTEM "powrmart.dtd">
<POWERMART CREATION_DATE="06/07/2018 12:12:16" REPOSITORY_VERSION="181.90">
<REPOSITORY NAME="Support" VERSION="181" CODEPAGE="MS1252" DATABASETYPE="Microsoft SQL Server">
<FOLDER NAME="TS20" GROUP="" OWNER="Administrator" SHARED="NOTSHARED" DESCRIPTION="" PERMISSIONS="rwx---r--" UUID="6940479b-a25f-472d-b795-4a50683170d8">
    <SOURCE BUSINESSNAME ="" DATABASETYPE ="Flat File" DBDNAME ="FlatFile" DESCRIPTION ="" NAME ="TS20_BOOKS_INF_" OBJECTVERSION ="1" OWNERNAME ="" VERSIONNUMBER ="1">
        <FLATFILE CODEPAGE ="MS1252" CONSECDELIMITERSASONE ="NO" DELIMITED ="YES" DELIMITERS ="," ESCAPE_CHARACTER ="" KEEPESCAPECHAR ="NO" LINESEQUENTIAL ="NO" MULTIDELIMITERSASAND ="NO" NULLCHARTYPE ="ASCII" NULL_CHARACTER ="*" PADBYTES ="1" QUOTE_CHARACTER ="NONE" REPEATABLE ="NO" ROWDELIMITER ="0" SHIFTSENSITIVEDATA ="NO" SKIPROWS ="0" STRIPTRAILINGBLANKS ="NO"/>
        <TABLEATTRIBUTE NAME ="Base Table Name" VALUE =""/>
        <TABLEATTRIBUTE NAME ="Search Specification" VALUE =""/>
        <TABLEATTRIBUTE NAME ="Sort Specification" VALUE =""/>
        <TABLEATTRIBUTE NAME ="Datetime Format" VALUE ="A  19 mm/dd/yyyy hh24:mi:ss"/>
        <TABLEATTRIBUTE NAME ="Thousand Separator" VALUE ="None"/>
        <TABLEATTRIBUTE NAME ="Decimal Separator" VALUE ="."/>
        <TABLEATTRIBUTE NAME ="Add Currently Processed Flat File Name Port" VALUE ="NO"/>
        <SOURCEFIELD BUSINESSNAME ="" DATATYPE ="string" DESCRIPTION ="" FIELDNUMBER ="1" FIELDPROPERTY ="0" FIELDTYPE ="ELEMITEM" HIDDEN ="NO" KEYTYPE ="NOT A KEY" LENGTH ="289" LEVEL ="0" NAME ="XMLData" NULLABLE ="NULL" OCCURS ="0" OFFSET ="0" PHYSICALLENGTH ="289" PHYSICALOFFSET ="0" PICTURETEXT ="" PRECISION ="289" SCALE ="0" USAGE_FLAGS =""/>
    </SOURCE>
    <TARGET BUSINESSNAME ="" CONSTRAINT ="" DATABASETYPE ="Teradata" DESCRIPTION ="" NAME ="TS20_BOOKS" OBJECTVERSION ="1" TABLEOPTIONS ="" VERSIONNUMBER ="1">
        <TARGETFIELD BUSINESSNAME ="" DATATYPE ="varchar" DESCRIPTION ="" FIELDNUMBER ="1" KEYTYPE ="NOT A KEY" NAME ="book" NULLABLE ="NULL" PICTURETEXT ="" PRECISION ="20" SCALE ="0"/>
        <TARGETFIELD BUSINESSNAME ="" DATATYPE ="varchar" DESCRIPTION ="" FIELDNUMBER ="2" KEYTYPE ="NOT A KEY" NAME ="Titles" NULLABLE ="NULL" PICTURETEXT ="" PRECISION ="20" SCALE ="0"/>
        <TARGETFIELD BUSINESSNAME ="" DATATYPE ="varchar" DESCRIPTION ="" FIELDNUMBER ="3" KEYTYPE ="NOT A KEY" NAME ="author" NULLABLE ="NULL" PICTURETEXT ="" PRECISION ="20" SCALE ="0"/>
        <TARGETFIELD BUSINESSNAME ="" DATATYPE ="integer" DESCRIPTION ="" FIELDNUMBER ="4" KEYTYPE ="NOT A KEY" NAME ="years" NULLABLE ="NULL" PICTURETEXT ="" PRECISION ="10" SCALE ="0"/>
        <TARGETFIELD BUSINESSNAME ="" DATATYPE ="integer" DESCRIPTION ="" FIELDNUMBER ="5" KEYTYPE ="NOT A KEY" NAME ="price" NULLABLE ="NULL" PICTURETEXT ="" PRECISION ="10" SCALE ="0"/>
    </TARGET>
    <MAPPING DESCRIPTION ="" ISVALID ="YES" NAME ="m_TS20_FF_DB" OBJECTVERSION ="1" VERSIONNUMBER ="1">
        <TRANSFORMATION DESCRIPTION ="" NAME ="SQ_books_inf_" OBJECTVERSION ="1" REUSABLE ="NO" TYPE ="Source Qualifier" VERSIONNUMBER ="1">
            <TRANSFORMFIELD DATATYPE ="string" DEFAULTVALUE ="" DESCRIPTION ="" NAME ="XMLData" PICTURETEXT ="" PORTTYPE ="INPUT/OUTPUT" PRECISION ="170" SCALE ="0"/>
            <TABLEATTRIBUTE NAME ="Sql Query" VALUE =""/>
            <TABLEATTRIBUTE NAME ="User Defined Join" VALUE =""/>
            <TABLEATTRIBUTE NAME ="Source Filter" VALUE =""/>
            <TABLEATTRIBUTE NAME ="Number Of Sorted Ports" VALUE ="0"/>
            <TABLEATTRIBUTE NAME ="Tracing Level" VALUE ="Normal"/>
            <TABLEATTRIBUTE NAME ="Select Distinct" VALUE ="NO"/>
            <TABLEATTRIBUTE NAME ="Is Partitionable" VALUE ="NO"/>
            <TABLEATTRIBUTE NAME ="Pre SQL" VALUE =""/>
            <TABLEATTRIBUTE NAME ="Post SQL" VALUE =""/>
            <TABLEATTRIBUTE NAME ="Output is deterministic" VALUE ="NO"/>
            <TABLEATTRIBUTE NAME ="Output is repeatable" VALUE ="Never"/>
        </TRANSFORMATION>
        <TRANSFORMATION COMPONENTVERSION ="1000000" CRCVALUE ="3828679611" DESCRIPTION ="" NAME ="XML_LOAD" OBJECTVERSION ="1" REUSABLE ="NO" TEMPLATEID ="302001" TEMPLATENAME ="XML PARSER" TYPE ="Custom Transformation" VERSIONNUMBER ="1">
            <GROUP DESCRIPTION ="" NAME ="X_books" ORDER ="2" TYPE ="OUTPUT"/>
            <GROUP DESCRIPTION ="" NAME ="DataInput" ORDER ="1" TYPE ="INPUT"/>
            <TRANSFORMFIELD DATATYPE ="string" DEFAULTVALUE ="" DESCRIPTION ="" GROUP ="DataInput" NAME ="DataInput" OUTPUTGROUP ="DataInput" PICTURETEXT ="" PORTTYPE ="INPUT" PRECISION ="64000" SCALE ="0">
                <TRANSFORMFIELDATTR NAME ="Option" VALUE ="48"/>
                <TRANSFORMFIELDATTR NAME ="XPath" VALUE ="$DataField"/>
                <TRANSFORMFIELDATTR NAME ="Native_datatype" VALUE ="4201"/>
            </TRANSFORMFIELD>
            <TRANSFORMFIELD DATATYPE ="bigint" DEFAULTVALUE ="4" DESCRIPTION ="" GROUP ="X_books" NAME ="XPK_books" OUTPUTGROUP ="X_books" PICTURETEXT ="" PORTTYPE ="GENERATED KEY/OUTPUT" PRECISION ="19" SCALE ="0">
                <TRANSFORMFIELDATTR NAME ="Option" VALUE ="1"/>
                <TRANSFORMFIELDATTR NAME ="XPath" VALUE =""/>
                <TRANSFORMFIELDATTR NAME ="Native_datatype" VALUE ="4224"/>
            </TRANSFORMFIELD>
            <TRANSFORMFIELD DATATYPE ="string" DEFAULTVALUE ="" DESCRIPTION ="" GROUP ="X_books" NAME ="book" OUTPUTGROUP ="X_books" PICTURETEXT ="" PORTTYPE ="OUTPUT" PRECISION ="12" SCALE ="0">
                <TRANSFORMFIELDATTR NAME ="Option" VALUE ="16"/>
                <TRANSFORMFIELDATTR NAME ="XPath" VALUE ="./book"/>
                <TRANSFORMFIELDATTR NAME ="Native_datatype" VALUE ="4201"/>
            </TRANSFORMFIELD>
            <TRANSFORMFIELD DATATYPE ="string" DEFAULTVALUE ="" DESCRIPTION ="" GROUP ="X_books" NAME ="title" OUTPUTGROUP ="X_books" PICTURETEXT ="" PORTTYPE ="OUTPUT" PRECISION ="9" SCALE ="0">
                <TRANSFORMFIELDATTR NAME ="Option" VALUE ="16"/>
                <TRANSFORMFIELDATTR NAME ="XPath" VALUE ="./title"/>
                <TRANSFORMFIELDATTR NAME ="Native_datatype" VALUE ="4201"/>
            </TRANSFORMFIELD>
            <TRANSFORMFIELD DATATYPE ="string" DEFAULTVALUE ="" DESCRIPTION ="" GROUP ="X_books" NAME ="author" OUTPUTGROUP ="X_books" PICTURETEXT ="" PORTTYPE ="OUTPUT" PRECISION ="10" SCALE ="0">
                <TRANSFORMFIELDATTR NAME ="Option" VALUE ="16"/>
                <TRANSFORMFIELDATTR NAME ="XPath" VALUE ="./author"/>
                <TRANSFORMFIELDATTR NAME ="Native_datatype" VALUE ="4201"/>
            </TRANSFORMFIELD>
            <TRANSFORMFIELD DATATYPE ="string" DEFAULTVALUE ="" DESCRIPTION ="" GROUP ="X_books" NAME ="year" OUTPUTGROUP ="X_books" PICTURETEXT ="" PORTTYPE ="OUTPUT" PRECISION ="13" SCALE ="0">
                <TRANSFORMFIELDATTR NAME ="Option" VALUE ="16"/>
                <TRANSFORMFIELDATTR NAME ="XPath" VALUE ="./year"/>
                <TRANSFORMFIELDATTR NAME ="Native_datatype" VALUE ="4201"/>
            </TRANSFORMFIELD>
            <TRANSFORMFIELD DATATYPE ="string" DEFAULTVALUE ="" DESCRIPTION ="" GROUP ="X_books" NAME ="price" OUTPUTGROUP ="X_books" PICTURETEXT ="" PORTTYPE ="OUTPUT" PRECISION ="9" SCALE ="0">
                <TRANSFORMFIELDATTR NAME ="Option" VALUE ="16"/>
                <TRANSFORMFIELDATTR NAME ="XPath" VALUE ="./price"/>
                <TRANSFORMFIELDATTR NAME ="Native_datatype" VALUE ="4201"/>
            </TRANSFORMFIELD>
            <TABLEATTRIBUTE NAME ="Language" VALUE ="C"/>
            <TABLEATTRIBUTE NAME ="Module Identifier" VALUE ="pmmidxmlrdr"/>
            <TABLEATTRIBUTE NAME ="Class Name" VALUE =""/>
            <TABLEATTRIBUTE NAME ="Function Identifier" VALUE ="PMXMLMGEPReadr"/>
            <TABLEATTRIBUTE NAME ="Runtime Location" VALUE =""/>
            <TABLEATTRIBUTE NAME ="Tracing Level" VALUE ="Normal"/>
            <TABLEATTRIBUTE NAME ="Is Partitionable" VALUE ="Across Grid"/>
            <TABLEATTRIBUTE NAME ="Inputs Must Block" VALUE ="NO"/>
            <TABLEATTRIBUTE NAME ="Is Active" VALUE ="YES"/>
            <TABLEATTRIBUTE NAME ="Update Strategy Transformation" VALUE ="NO"/>
            <TABLEATTRIBUTE NAME ="Transformation Scope" VALUE ="All Input"/>
            <TABLEATTRIBUTE NAME ="Generate Transaction" VALUE ="NO"/>
            <TABLEATTRIBUTE NAME ="Output Is Repeatable" VALUE ="Based On Input Order"/>
            <TABLEATTRIBUTE NAME ="Requires Single Thread Per Partition" VALUE ="NO"/>
            <TABLEATTRIBUTE NAME ="Output Is Deterministic" VALUE ="YES"/>
            <TABLEATTRIBUTE NAME ="Preserves Data Set Boundary" VALUE ="No"/>
            <INITPROP DESCRIPTION ="" NAME ="Programmatic Identifier for Class Factory" USERDEFINED ="NO" VALUE =""/>
            <INITPROP DESCRIPTION ="" NAME ="Constructor" USERDEFINED ="NO" VALUE =""/>
            <INITPROP DESCRIPTION ="" NAME ="Reset" USERDEFINED ="YES" VALUE ="0"/>
            <INITPROP DESCRIPTION ="" NAME ="Restart" USERDEFINED ="YES" VALUE ="0"/>
            <METADATAEXTENSION COMPONENTVERSION ="1000000" DATATYPE ="STRING" DESCRIPTION ="" DOMAINNAME ="MidXML_RDR_Domain" ISCLIENTEDITABLE ="NO" ISCLIENTVISIBLE ="NO" ISREUSABLE ="YES" ISSHAREREAD ="YES" ISSHAREWRITE ="YES" MAXLENGTH ="6" NAME ="Route invalid payload through data flow" VALUE ="" VENDORNAME ="INFORMATICA"/>
            <METADATAEXTENSION COMPONENTVERSION ="1000000" DATATYPE ="STRING" DESCRIPTION ="" DOMAINNAME ="MidXML_RDR_Domain" ISCLIENTEDITABLE ="NO" ISCLIENTVISIBLE ="NO" ISREUSABLE ="YES" ISSHAREREAD ="YES" ISSHAREWRITE ="YES" MAXLENGTH ="10000000" NAME ="XMLInfo" VALUE ="&#xA;    &lt;XMLINFO&gt;&#xA;        &lt;XMLTEXT TEXT =&quot;&amp;lt;?xml version=&amp;quot;1.0&amp;quot; encoding=&amp;quot;utf-8&amp;quot;?&amp;gt;&amp;#xA;&amp;lt;METASCHEMA ORIGIN=&amp;quot;xml,reposit&amp;quot; version=&amp;quot;7.01&amp;quot;&amp;gt;&amp;#xA;&amp;lt;NAMESPACEINFO NAMESPACE=&amp;quot;&amp;quot; PREFIX=&amp;quot;&amp;quot; ELEMENT-FORM-DEFAULT=&amp;quot;unqualified&amp;quot; ATTRIBUTE-FORM-DEFAULT=&amp;quot;unqualified&amp;quot; ROOTNAMESPACE=&amp;quot;true&amp;quot;&amp;gt;&amp;#xA;&amp;lt;/NAMESPACEINFO&amp;gt;&amp;#xA;&amp;lt;/METASCHEMA&amp;gt;&amp;#xA;&quot; TYPE =&quot;ADAPTER&quot;/&gt;&#xA;        &lt;XMLTEXT TEXT =&quot;&amp;lt;?xml version=&amp;quot;1.0&amp;quot; encoding=&amp;quot;utf-8&amp;quot;?&amp;gt;&amp;#xA;&amp;lt;xsd:schema xmlns:xsd=&amp;quot;http://www.w3.org/2001/XMLSchema&amp;quot; xmlns:infatype=&amp;quot;http://www.informatica.com/types/&amp;quot; elementFormDefault=&amp;quot;unqualified&amp;quot; attributeFormDefault=&amp;quot;unqualified&amp;quot;&amp;gt;&amp;#xA;&amp;lt;xsd:element name=&amp;quot;TS20_BOOKS&amp;quot;&amp;gt;&amp;#xA;&amp;lt;xsd:complexType&amp;gt;&amp;#xA;&amp;lt;xsd:sequence&amp;gt;&amp;#xA;&amp;lt;xsd:element ref=&amp;quot;book&amp;quot;/&amp;gt;&amp;#xA;&amp;lt;xsd:element ref=&amp;quot;title&amp;quot;/&amp;gt;&amp;#xA;&amp;lt;xsd:element ref=&amp;quot;author&amp;quot;/&amp;gt;&amp;#xA;&amp;lt;xsd:element ref=&amp;quot;year&amp;quot;/&amp;gt;&amp;#xA;&amp;lt;xsd:element ref=&amp;quot;price&amp;quot;/&amp;gt;&amp;#xA;&amp;lt;/xsd:sequence&amp;gt;&amp;#xA;&amp;lt;/xsd:complexType&amp;gt;&amp;#xA;&amp;lt;/xsd:element&amp;gt;&amp;#xA;&amp;#xA;&amp;lt;xsd:element name=&amp;quot;title&amp;quot; type=&amp;quot;xsd:string&amp;quot; infatype:type=&amp;quot;xsd:string&amp;quot; infatype:length=&amp;quot;9&amp;quot;&amp;gt;&amp;#xA;&amp;lt;/xsd:element&amp;gt;&amp;#xA;&amp;#xA;&amp;lt;xsd:element name=&amp;quot;author&amp;quot; type=&amp;quot;xsd:string&amp;quot; infatype:type=&amp;quot;xsd:string&amp;quot; infatype:length=&amp;quot;10&amp;quot;&amp;gt;&amp;#xA;&amp;lt;/xsd:element&amp;gt;&amp;#xA;&amp;#xA;&amp;lt;xsd:element name=&amp;quot;year&amp;quot; type=&amp;quot;xsd:string&amp;quot; infatype:type=&amp;quot;xsd:string&amp;quot; infatype:length=&amp;quot;13&amp;quot;&amp;gt;&amp;#xA;&amp;lt;/xsd:element&amp;gt;&amp;#xA;&amp;#xA;&amp;lt;xsd:element name=&amp;quot;price&amp;quot; type=&amp;quot;xsd:string&amp;quot; infatype:type=&amp;quot;xsd:string&amp;quot; infatype:length=&amp;quot;9&amp;quot;&amp;gt;&amp;#xA;&amp;lt;/xsd:element&amp;gt;&amp;#xA;&amp;#xA;&amp;lt;xsd:element name=&amp;quot;book&amp;quot; type=&amp;quot;xsd:string&amp;quot; infatype:type=&amp;quot;xsd:string&amp;quot; infatype:length=&amp;quot;12&amp;quot;&amp;gt;&amp;#xA;&amp;lt;/xsd:element&amp;gt;&amp;#xA;&amp;#xA;&amp;lt;/xsd:schema&amp;gt;&amp;#xA;&quot; TYPE =&quot;SCHEMA&quot;/&gt;&#xA;        &lt;XMLTEXT TEXT =&quot;&amp;lt;?xml version=&amp;quot;1.0&amp;quot; encoding=&amp;quot;utf-8&amp;quot;?&amp;gt;&amp;#xA;&amp;lt;METATABLE version=&amp;quot;7.01&amp;quot;&amp;gt;&amp;#xA;&amp;lt;GROUP GROUPNAME=&amp;quot;X_books&amp;quot;&amp;gt;&amp;#xA;&amp;lt;GROUPSAT&amp;gt;TS20_BOOKS&amp;lt;/GROUPSAT&amp;gt;&amp;#xA;&amp;lt;/GROUP&amp;gt;&amp;#xA;&amp;lt;GROUP GROUPNAME=&amp;quot;DataInput&amp;quot;&amp;gt;&amp;#xA;&amp;lt;/GROUP&amp;gt;&amp;#xA;&amp;lt;/METATABLE&amp;gt;&amp;#xA;&quot; TYPE =&quot;TABLE&quot;/&gt;&#xA;    &lt;/XMLINFO&gt;" VENDORNAME ="INFORMATICA"/>
            <TRANSFORMFIELDATTRDEF DATATYPE ="STRING" DEFAULTVALUE ="0" DESCRIPTION ="" NAME ="Option" ORDER ="0" TYPE ="NUMERIC"/>
            <TRANSFORMFIELDATTRDEF DATATYPE ="STRING" DESCRIPTION ="" NAME ="XPath" ORDER ="1" TYPE ="STRING"/>
            <TRANSFORMFIELDATTRDEF DATATYPE ="STRING" DESCRIPTION ="" NAME ="Referenced_Key_Field" ORDER ="2" TYPE ="STRING"/>
            <TRANSFORMFIELDATTRDEF DATATYPE ="STRING" DESCRIPTION ="" NAME ="Referenced_Ref_Field" ORDER ="3" TYPE ="STRING"/>
            <TRANSFORMFIELDATTRDEF DATATYPE ="STRING" DEFAULTVALUE ="0" DESCRIPTION ="" NAME ="Native_datatype" ORDER ="4" TYPE ="NUMERIC"/>
        </TRANSFORMATION>
        <INSTANCE DESCRIPTION ="" INSTANCEID ="3" NAME ="TS20_BOOKS" TRANSFORMATION_NAME ="TS20_BOOKS" TRANSFORMATION_TYPE ="Target Definition" TYPE ="TARGET"/>
        <INSTANCE DBDNAME ="FlatFile" DESCRIPTION ="" INSTANCEID ="1" NAME ="TS20_BOOKS_INF_" TRANSFORMATION_NAME ="TS20_BOOKS_INF_" TRANSFORMATION_TYPE ="Source Definition" TYPE ="SOURCE"/>
        <INSTANCE DESCRIPTION ="" INSTANCEID ="2" NAME ="SQ_books_inf_" REUSABLE ="NO" TRANSFORMATION_NAME ="SQ_books_inf_" TRANSFORMATION_TYPE ="Source Qualifier" TYPE ="TRANSFORMATION">
            <ASSOCIATED_SOURCE_INSTANCE NAME ="TS20_BOOKS_INF_"/>
        </INSTANCE>
        <INSTANCE DESCRIPTION ="" INSTANCEID ="4" NAME ="XML_LOAD" REUSABLE ="NO" TRANSFORMATION_NAME ="XML_LOAD" TRANSFORMATION_TYPE ="Custom Transformation" TYPE ="TRANSFORMATION"/>
        <CONNECTOR FROMFIELD ="book" FROMINSTANCE ="XML_LOAD" FROMINSTANCETYPE ="Custom Transformation" TOFIELD ="book" TOINSTANCE ="TS20_BOOKS" TOINSTANCETYPE ="Target Definition"/>
        <CONNECTOR FROMFIELD ="title" FROMINSTANCE ="XML_LOAD" FROMINSTANCETYPE ="Custom Transformation" TOFIELD ="Titles" TOINSTANCE ="TS20_BOOKS" TOINSTANCETYPE ="Target Definition"/>
        <CONNECTOR FROMFIELD ="author" FROMINSTANCE ="XML_LOAD" FROMINSTANCETYPE ="Custom Transformation" TOFIELD ="author" TOINSTANCE ="TS20_BOOKS" TOINSTANCETYPE ="Target Definition"/>
        <CONNECTOR FROMFIELD ="year" FROMINSTANCE ="XML_LOAD" FROMINSTANCETYPE ="Custom Transformation" TOFIELD ="years" TOINSTANCE ="TS20_BOOKS" TOINSTANCETYPE ="Target Definition"/>
        <CONNECTOR FROMFIELD ="price" FROMINSTANCE ="XML_LOAD" FROMINSTANCETYPE ="Custom Transformation" TOFIELD ="price" TOINSTANCE ="TS20_BOOKS" TOINSTANCETYPE ="Target Definition"/>
        <CONNECTOR FROMFIELD ="XMLData" FROMINSTANCE ="TS20_BOOKS_INF_" FROMINSTANCETYPE ="Source Definition" TOFIELD ="XMLData" TOINSTANCE ="SQ_books_inf_" TOINSTANCETYPE ="Source Qualifier"/>
        <CONNECTOR FROMFIELD ="XMLData" FROMINSTANCE ="SQ_books_inf_" FROMINSTANCETYPE ="Source Qualifier" TOFIELD ="DataInput" TOINSTANCE ="XML_LOAD" TOINSTANCETYPE ="Custom Transformation"/>
        <TARGETLOADORDER ORDER ="1" TARGETINSTANCE ="TS20_BOOKS"/>
        <ERPINFO/>
    </MAPPING>
    <CONFIG DESCRIPTION ="Default session configuration object" ISDEFAULT ="YES" NAME ="default_session_config" VERSIONNUMBER ="1">
        <ATTRIBUTE NAME ="Advanced" VALUE =""/>
        <ATTRIBUTE NAME ="Constraint based load ordering" VALUE ="NO"/>
        <ATTRIBUTE NAME ="Cache LOOKUP() function" VALUE ="YES"/>
        <ATTRIBUTE NAME ="Default buffer block size" VALUE ="Auto"/>
        <ATTRIBUTE NAME ="Line Sequential buffer length" VALUE ="1024"/>
        <ATTRIBUTE NAME ="Maximum Memory Allowed For Auto Memory Attributes" VALUE ="512MB"/>
        <ATTRIBUTE NAME ="Maximum Percentage of Total Memory Allowed For Auto Memory Attributes" VALUE ="5"/>
        <ATTRIBUTE NAME ="Additional Concurrent Pipelines for Lookup Cache Creation" VALUE ="Auto"/>
        <ATTRIBUTE NAME ="Custom Properties" VALUE =""/>
        <ATTRIBUTE NAME ="Pre-build lookup cache" VALUE ="Auto"/>
        <ATTRIBUTE NAME ="Optimization Level" VALUE ="Medium"/>
        <ATTRIBUTE NAME ="DateTime Format String" VALUE ="MM/DD/YYYY HH24:MI:SS.US"/>
        <ATTRIBUTE NAME ="Pre 85 Timestamp Compatibility" VALUE ="NO"/>
        <ATTRIBUTE NAME ="Log Options" VALUE ="0"/>
        <ATTRIBUTE NAME ="Save session log by" VALUE ="Session runs"/>
        <ATTRIBUTE NAME ="Save session log for these runs" VALUE ="0"/>
        <ATTRIBUTE NAME ="Session Log File Max Size" VALUE ="0"/>
        <ATTRIBUTE NAME ="Session Log File Max Time Period" VALUE ="0"/>
        <ATTRIBUTE NAME ="Maximum Partial Session Log Files" VALUE ="1"/>
        <ATTRIBUTE NAME ="Writer Commit Statistics Log Frequency" VALUE ="1"/>
        <ATTRIBUTE NAME ="Writer Commit Statistics Log Interval" VALUE ="0"/>
        <ATTRIBUTE NAME ="Error handling" VALUE =""/>
        <ATTRIBUTE NAME ="Stop on errors" VALUE ="0"/>
        <ATTRIBUTE NAME ="Override tracing" VALUE ="None"/>
        <ATTRIBUTE NAME ="On Stored Procedure error" VALUE ="Stop"/>
        <ATTRIBUTE NAME ="On Pre-session command task error" VALUE ="Stop"/>
        <ATTRIBUTE NAME ="On Pre-Post SQL error" VALUE ="Stop"/>
        <ATTRIBUTE NAME ="Enable Recovery" VALUE ="NO"/>
        <ATTRIBUTE NAME ="Error Log Type" VALUE ="None"/>
        <ATTRIBUTE NAME ="Error Log Table Name Prefix" VALUE =""/>
        <ATTRIBUTE NAME ="Error Log File Name" VALUE ="PMError.log"/>
        <ATTRIBUTE NAME ="Log Source Row Data" VALUE ="NO"/>
        <ATTRIBUTE NAME ="Data Column Delimiter" VALUE ="|"/>
        <ATTRIBUTE NAME ="Partitioning Options" VALUE =""/>
        <ATTRIBUTE NAME ="Dynamic Partitioning" VALUE ="Disabled"/>
        <ATTRIBUTE NAME ="Number of Partitions" VALUE ="1"/>
        <ATTRIBUTE NAME ="Multiplication Factor" VALUE ="Auto"/>
        <ATTRIBUTE NAME ="Session on Grid" VALUE =""/>
        <ATTRIBUTE NAME ="Is Enabled" VALUE ="NO"/>
    </CONFIG>
    <WORKFLOW DESCRIPTION ="These workflows are created from the Workflow Generation Wizard." ISENABLED ="YES" ISRUNNABLESERVICE ="NO" ISSERVICE ="NO" ISVALID ="YES" NAME ="wf_m_TS20_FF_DB" REUSABLE_SCHEDULER ="NO" SCHEDULERNAME ="Scheduler" SERVERNAME ="ravana" SERVER_DOMAINNAME ="RAWAN" SUSPEND_ON_ERROR ="NO" TASKS_MUST_RUN_ON_SERVER ="NO" VERSIONNUMBER ="1">
        <SCHEDULER DESCRIPTION ="" NAME ="Scheduler" REUSABLE ="NO" VERSIONNUMBER ="1">
            <SCHEDULEINFO SCHEDULETYPE ="ONDEMAND"/>
        </SCHEDULER>
        <TASK DESCRIPTION ="" NAME ="Start" REUSABLE ="NO" TYPE ="Start" VERSIONNUMBER ="1"/>
        <SESSION DESCRIPTION ="" ISVALID ="YES" MAPPINGNAME ="m_TS20_FF_DB" NAME ="s_m_TS20_FF_DB" REUSABLE ="NO" SORTORDER ="Binary" VERSIONNUMBER ="1">
            <SESSTRANSFORMATIONINST ISREPARTITIONPOINT ="NO" PIPELINE ="0" SINSTANCENAME ="TS20_BOOKS_INF_" STAGE ="0" TRANSFORMATIONNAME ="TS20_BOOKS_INF_" TRANSFORMATIONTYPE ="Source Definition">
                <FLATFILE CODEPAGE ="MS1252" CONSECDELIMITERSASONE ="NO" DELIMITED ="YES" DELIMITERS ="," ESCAPE_CHARACTER ="" KEEPESCAPECHAR ="NO" LINESEQUENTIAL ="NO" MULTIDELIMITERSASAND ="NO" NULLCHARTYPE ="ASCII" NULL_CHARACTER ="*" PADBYTES ="1" QUOTE_CHARACTER ="NONE" REPEATABLE ="NO" ROWDELIMITER ="0" SKIPROWS ="0" STRIPTRAILINGBLANKS ="NO"/>
            </SESSTRANSFORMATIONINST>
            <SESSTRANSFORMATIONINST ISREPARTITIONPOINT ="YES" PARTITIONTYPE ="PASS THROUGH" PIPELINE ="1" SINSTANCENAME ="SQ_books_inf_" STAGE ="1" TRANSFORMATIONNAME ="SQ_books_inf_" TRANSFORMATIONTYPE ="Source Qualifier"/>
            <SESSTRANSFORMATIONINST ISREPARTITIONPOINT ="YES" PARTITIONTYPE ="PASS THROUGH" PIPELINE ="1" SINSTANCENAME ="TS20_BOOKS" STAGE ="2" TRANSFORMATIONNAME ="TS20_BOOKS" TRANSFORMATIONTYPE ="Target Definition"/>
            <SESSTRANSFORMATIONINST ISREPARTITIONPOINT ="NO" PIPELINE ="1" SINSTANCENAME ="XML_LOAD" STAGE ="1" TRANSFORMATIONNAME ="XML_LOAD" TRANSFORMATIONTYPE ="Custom Transformation">
                <SESSTRANSFORMATIONGROUP GROUP ="DataInput"/>
            </SESSTRANSFORMATIONINST>
            <CONFIGREFERENCE REFOBJECTNAME ="default_session_config" TYPE ="Session config"/>
            <SESSIONEXTENSION DSQINSTNAME ="SQ_books_inf_" DSQINSTTYPE ="Source Qualifier" NAME ="File Reader" SINSTANCENAME ="TS20_BOOKS_INF_" SUBTYPE ="File Reader" TRANSFORMATIONTYPE ="Source Definition" TYPE ="READER">
                <CONNECTIONREFERENCE CNXREFNAME ="Connection" CONNECTIONNAME ="" CONNECTIONNUMBER ="1" CONNECTIONSUBTYPE ="" CONNECTIONTYPE ="" VARIABLE =""/>
                <ATTRIBUTE NAME ="Input Type" VALUE ="File"/>
                <ATTRIBUTE NAME ="Concurrent read partitioning" VALUE ="Optimize throughput"/>
                <ATTRIBUTE NAME ="Command Type" VALUE ="Command Generating Data"/>
                <ATTRIBUTE NAME ="Source filetype" VALUE ="Direct"/>
                <ATTRIBUTE NAME ="Source file directory" VALUE ="$PMSourceFileDir&#x5c;"/>
                <ATTRIBUTE NAME ="Source filename" VALUE ="TS20_BOOKS(inf).txt"/>
                <ATTRIBUTE NAME ="Command" VALUE =""/>
                <ATTRIBUTE NAME ="File Reader Truncate String Null" VALUE ="NO"/>
                <ATTRIBUTE NAME ="Codepage Parameter" VALUE =""/>
            </SESSIONEXTENSION>
            <SESSIONEXTENSION NAME ="File Reader" SINSTANCENAME ="SQ_books_inf_" SUBTYPE ="File Reader" TRANSFORMATIONTYPE ="Source Qualifier" TYPE ="READER"/>
            <SESSIONEXTENSION NAME ="Relational Writer" SINSTANCENAME ="TS20_BOOKS" SUBTYPE ="Relational Writer" TRANSFORMATIONTYPE ="Target Definition" TYPE ="WRITER">
                <CONNECTIONREFERENCE CNXREFNAME ="DB Connection" CONNECTIONNAME ="Teradata" CONNECTIONNUMBER ="1" CONNECTIONSUBTYPE ="Teradata" CONNECTIONTYPE ="Relational" VARIABLE =""/>
                <ATTRIBUTE NAME ="Target load type" VALUE ="Bulk"/>
                <ATTRIBUTE NAME ="Insert" VALUE ="YES"/>
                <ATTRIBUTE NAME ="Update as Update" VALUE ="YES"/>
                <ATTRIBUTE NAME ="Update as Insert" VALUE ="NO"/>
                <ATTRIBUTE NAME ="Update else Insert" VALUE ="NO"/>
                <ATTRIBUTE NAME ="Delete" VALUE ="YES"/>
                <ATTRIBUTE NAME ="Truncate target table option" VALUE ="NO"/>
                <ATTRIBUTE NAME ="Reject file directory" VALUE ="$PMBadFileDir&#x5c;"/>
                <ATTRIBUTE NAME ="Reject filename" VALUE ="Teradata"/>
            </SESSIONEXTENSION>
            <SESSIONEXTENSION COMPONENTVERSION ="1000000" NAME ="Mid Stream Parser Extensions" SINSTANCENAME ="XML_LOAD" SUBTYPE ="Mid Stream Parser Extensions" TRANSFORMATIONTYPE ="Custom Transformation" TYPE ="TEMPLATEEXTENSION">
                <ATTRIBUTE NAME ="Treat empty content as NULL" VALUE ="NO"/>
                <ATTRIBUTE NAME ="Validate XML Source" VALUE ="Do not validate"/>
                <ATTRIBUTE NAME ="Enable XML Input Streaming" VALUE ="NO"/>
                <ATTRIBUTE NAME ="XML schema definition" VALUE =""/>
            </SESSIONEXTENSION>
            <ATTRIBUTE NAME ="General Options" VALUE =""/>
            <ATTRIBUTE NAME ="Write Backward Compatible Session Log File" VALUE ="NO"/>
            <ATTRIBUTE NAME ="Session Log File Name" VALUE ="s_m_TS20_FF_DB.log"/>
            <ATTRIBUTE NAME ="Session Log File directory" VALUE ="$PMSessionLogDir&#x5c;"/>
            <ATTRIBUTE NAME ="Parameter Filename" VALUE =""/>
            <ATTRIBUTE NAME ="Enable Test Load" VALUE ="NO"/>
            <ATTRIBUTE NAME ="$Source connection value" VALUE =""/>
            <ATTRIBUTE NAME ="$Target connection value" VALUE =""/>
            <ATTRIBUTE NAME ="Treat source rows as" VALUE ="Insert"/>
            <ATTRIBUTE NAME ="Commit Type" VALUE ="Target"/>
            <ATTRIBUTE NAME ="Commit Interval" VALUE ="10000"/>
            <ATTRIBUTE NAME ="Commit On End Of File" VALUE ="YES"/>
            <ATTRIBUTE NAME ="Rollback Transactions on Errors" VALUE ="NO"/>
            <ATTRIBUTE NAME ="Recovery Strategy" VALUE ="Fail task and continue workflow"/>
            <ATTRIBUTE NAME ="Java Classpath" VALUE =""/>
            <ATTRIBUTE NAME ="Performance" VALUE =""/>
            <ATTRIBUTE NAME ="DTM buffer size" VALUE ="24000000"/>
            <ATTRIBUTE NAME ="Collect performance data" VALUE ="NO"/>
            <ATTRIBUTE NAME ="Write performance data to repository" VALUE ="NO"/>
            <ATTRIBUTE NAME ="Incremental Aggregation" VALUE ="NO"/>
            <ATTRIBUTE NAME ="Session retry on deadlock" VALUE ="NO"/>
            <ATTRIBUTE NAME ="Pushdown Optimization" VALUE ="None"/>
            <ATTRIBUTE NAME ="Allow Temporary View for Pushdown" VALUE ="NO"/>
            <ATTRIBUTE NAME ="Allow Temporary Sequence for Pushdown" VALUE ="NO"/>
            <ATTRIBUTE NAME ="Allow Pushdown for User Incompatible Connections" VALUE ="NO"/>
        </SESSION>
        <TASKINSTANCE DESCRIPTION ="" ISENABLED ="YES" NAME ="Start" REUSABLE ="NO" TASKNAME ="Start" TASKTYPE ="Start"/>
        <TASKINSTANCE DESCRIPTION ="" FAIL_PARENT_IF_INSTANCE_DID_NOT_RUN ="NO" FAIL_PARENT_IF_INSTANCE_FAILS ="YES" ISENABLED ="YES" NAME ="s_m_TS20_FF_DB" REUSABLE ="NO" TASKNAME ="s_m_TS20_FF_DB" TASKTYPE ="Session" TREAT_INPUTLINK_AS_AND ="YES"/>
        <WORKFLOWLINK CONDITION ="" FROMTASK ="Start" TOTASK ="s_m_TS20_FF_DB"/>
        <WORKFLOWVARIABLE DATATYPE ="date/time" DEFAULTVALUE ="" DESCRIPTION ="The time this task started" ISNULL ="NO" ISPERSISTENT ="NO" NAME ="$Start.StartTime" USERDEFINED ="NO"/>
        <WORKFLOWVARIABLE DATATYPE ="date/time" DEFAULTVALUE ="" DESCRIPTION ="The time this task completed" ISNULL ="NO" ISPERSISTENT ="NO" NAME ="$Start.EndTime" USERDEFINED ="NO"/>
        <WORKFLOWVARIABLE DATATYPE ="integer" DEFAULTVALUE ="" DESCRIPTION ="Status of this task&apos;s execution" ISNULL ="NO" ISPERSISTENT ="NO" NAME ="$Start.Status" USERDEFINED ="NO"/>
        <WORKFLOWVARIABLE DATATYPE ="integer" DEFAULTVALUE ="" DESCRIPTION ="Status of the previous task that is not disabled" ISNULL ="NO" ISPERSISTENT ="NO" NAME ="$Start.PrevTaskStatus" USERDEFINED ="NO"/>
        <WORKFLOWVARIABLE DATATYPE ="integer" DEFAULTVALUE ="" DESCRIPTION ="Error code for this task&apos;s execution" ISNULL ="NO" ISPERSISTENT ="NO" NAME ="$Start.ErrorCode" USERDEFINED ="NO"/>
        <WORKFLOWVARIABLE DATATYPE ="string" DEFAULTVALUE ="" DESCRIPTION ="Error message for this task&apos;s execution" ISNULL ="NO" ISPERSISTENT ="NO" NAME ="$Start.ErrorMsg" USERDEFINED ="NO"/>
        <WORKFLOWVARIABLE DATATYPE ="date/time" DEFAULTVALUE ="" DESCRIPTION ="The time this task started" ISNULL ="NO" ISPERSISTENT ="NO" NAME ="$s_m_TS20_FF_DB.StartTime" USERDEFINED ="NO"/>
        <WORKFLOWVARIABLE DATATYPE ="date/time" DEFAULTVALUE ="" DESCRIPTION ="The time this task completed" ISNULL ="NO" ISPERSISTENT ="NO" NAME ="$s_m_TS20_FF_DB.EndTime" USERDEFINED ="NO"/>
        <WORKFLOWVARIABLE DATATYPE ="integer" DEFAULTVALUE ="" DESCRIPTION ="Status of this task&apos;s execution" ISNULL ="NO" ISPERSISTENT ="NO" NAME ="$s_m_TS20_FF_DB.Status" USERDEFINED ="NO"/>
        <WORKFLOWVARIABLE DATATYPE ="integer" DEFAULTVALUE ="" DESCRIPTION ="Status of the previous task that is not disabled" ISNULL ="NO" ISPERSISTENT ="NO" NAME ="$s_m_TS20_FF_DB.PrevTaskStatus" USERDEFINED ="NO"/>
        <WORKFLOWVARIABLE DATATYPE ="integer" DEFAULTVALUE ="" DESCRIPTION ="Error code for this task&apos;s execution" ISNULL ="NO" ISPERSISTENT ="NO" NAME ="$s_m_TS20_FF_DB.ErrorCode" USERDEFINED ="NO"/>
        <WORKFLOWVARIABLE DATATYPE ="string" DEFAULTVALUE ="" DESCRIPTION ="Error message for this task&apos;s execution" ISNULL ="NO" ISPERSISTENT ="NO" NAME ="$s_m_TS20_FF_DB.ErrorMsg" USERDEFINED ="NO"/>
        <WORKFLOWVARIABLE DATATYPE ="integer" DEFAULTVALUE ="" DESCRIPTION ="Rows successfully read" ISNULL ="NO" ISPERSISTENT ="NO" NAME ="$s_m_TS20_FF_DB.SrcSuccessRows" USERDEFINED ="NO"/>
        <WORKFLOWVARIABLE DATATYPE ="integer" DEFAULTVALUE ="" DESCRIPTION ="Rows failed to read" ISNULL ="NO" ISPERSISTENT ="NO" NAME ="$s_m_TS20_FF_DB.SrcFailedRows" USERDEFINED ="NO"/>
        <WORKFLOWVARIABLE DATATYPE ="integer" DEFAULTVALUE ="" DESCRIPTION ="Rows successfully loaded" ISNULL ="NO" ISPERSISTENT ="NO" NAME ="$s_m_TS20_FF_DB.TgtSuccessRows" USERDEFINED ="NO"/>
        <WORKFLOWVARIABLE DATATYPE ="integer" DEFAULTVALUE ="" DESCRIPTION ="Rows failed to load" ISNULL ="NO" ISPERSISTENT ="NO" NAME ="$s_m_TS20_FF_DB.TgtFailedRows" USERDEFINED ="NO"/>
        <WORKFLOWVARIABLE DATATYPE ="integer" DEFAULTVALUE ="" DESCRIPTION ="Total number of transformation errors" ISNULL ="NO" ISPERSISTENT ="NO" NAME ="$s_m_TS20_FF_DB.TotalTransErrors" USERDEFINED ="NO"/>
        <WORKFLOWVARIABLE DATATYPE ="integer" DEFAULTVALUE ="" DESCRIPTION ="First error code" ISNULL ="NO" ISPERSISTENT ="NO" NAME ="$s_m_TS20_FF_DB.FirstErrorCode" USERDEFINED ="NO"/>
        <WORKFLOWVARIABLE DATATYPE ="string" DEFAULTVALUE ="" DESCRIPTION ="First error message" ISNULL ="NO" ISPERSISTENT ="NO" NAME ="$s_m_TS20_FF_DB.FirstErrorMsg" USERDEFINED ="NO"/>
        <ATTRIBUTE NAME ="Parameter Filename" VALUE =""/>
        <ATTRIBUTE NAME ="Write Backward Compatible Workflow Log File" VALUE ="NO"/>
        <ATTRIBUTE NAME ="Workflow Log File Name" VALUE ="wf_m_TS20_FF_DB.log"/>
        <ATTRIBUTE NAME ="Workflow Log File Directory" VALUE ="$PMWorkflowLogDir&#x5c;"/>
        <ATTRIBUTE NAME ="Save Workflow log by" VALUE ="By runs"/>
        <ATTRIBUTE NAME ="Save workflow log for these runs" VALUE ="0"/>
        <ATTRIBUTE NAME ="Service Name" VALUE =""/>
        <ATTRIBUTE NAME ="Service Timeout" VALUE ="0"/>
        <ATTRIBUTE NAME ="Is Service Visible" VALUE ="NO"/>
        <ATTRIBUTE NAME ="Is Service Protected" VALUE ="NO"/>
        <ATTRIBUTE NAME ="Enable HA recovery" VALUE ="NO"/>
        <ATTRIBUTE NAME ="Automatically recover terminated tasks" VALUE ="NO"/>
        <ATTRIBUTE NAME ="Service Level Name" VALUE ="Default"/>
        <ATTRIBUTE NAME ="Allow concurrent run with unique run instance name" VALUE ="NO"/>
        <ATTRIBUTE NAME ="Allow concurrent run with same run instance name" VALUE ="NO"/>
        <ATTRIBUTE NAME ="Maximum number of concurrent runs" VALUE ="0"/>
        <ATTRIBUTE NAME ="Assigned Web Services Hubs" VALUE =""/>
        <ATTRIBUTE NAME ="Maximum number of concurrent runs per Hub" VALUE ="1000"/>
        <ATTRIBUTE NAME ="Expected Service Time" VALUE ="1"/>
    </WORKFLOW>
</FOLDER>
</REPOSITORY>
</POWERMART>