<?xml version="1.0" encoding="Windows-1252"?>
<!DOCTYPE POWERMART SYSTEM "powrmart.dtd">
<POWERMART CREATION_DATE="06/06/2018 13:22:56" REPOSITORY_VERSION="181.90">
<REPOSITORY NAME="Support" VERSION="181" CODEPAGE="MS1252" DATABASETYPE="Microsoft SQL Server">
<FOLDER NAME="TS12" GROUP="" OWNER="Administrator" SHARED="NOTSHARED" DESCRIPTION="" PERMISSIONS="rwx---r--" UUID="6a9996aa-0b81-4d85-bd44-e14281ede1e1">
    <SOURCE BUSINESSNAME ="" DATABASETYPE ="Teradata" DBDNAME ="tduser" DESCRIPTION ="" NAME ="TS12_EMPLOYEE" OBJECTVERSION ="1" OWNERNAME ="TS12" VERSIONNUMBER ="1">
        <SOURCEFIELD BUSINESSNAME ="" DATATYPE ="varchar" DESCRIPTION ="" FIELDNUMBER ="1" FIELDPROPERTY ="0" FIELDTYPE ="ELEMITEM" HIDDEN ="NO" KEYTYPE ="NOT A KEY" LENGTH ="0" LEVEL ="0" NAME ="EmpName" NULLABLE ="NULL" OCCURS ="0" OFFSET ="0" PHYSICALLENGTH ="20" PHYSICALOFFSET ="0" PICTURETEXT ="" PRECISION ="20" SCALE ="0" USAGE_FLAGS =""/>
        <SOURCEFIELD BUSINESSNAME ="" DATATYPE ="integer" DESCRIPTION ="" FIELDNUMBER ="2" FIELDPROPERTY ="0" FIELDTYPE ="ELEMITEM" HIDDEN ="NO" KEYTYPE ="NOT A KEY" LENGTH ="11" LEVEL ="0" NAME ="EmpNo" NULLABLE ="NULL" OCCURS ="0" OFFSET ="0" PHYSICALLENGTH ="10" PHYSICALOFFSET ="20" PICTURETEXT ="" PRECISION ="10" SCALE ="0" USAGE_FLAGS =""/>
        <SOURCEFIELD BUSINESSNAME ="" DATATYPE ="integer" DESCRIPTION ="" FIELDNUMBER ="3" FIELDPROPERTY ="0" FIELDTYPE ="ELEMITEM" HIDDEN ="NO" KEYTYPE ="NOT A KEY" LENGTH ="11" LEVEL ="0" NAME ="Deptno" NULLABLE ="NULL" OCCURS ="0" OFFSET ="11" PHYSICALLENGTH ="10" PHYSICALOFFSET ="30" PICTURETEXT ="" PRECISION ="10" SCALE ="0" USAGE_FLAGS =""/>
        <SOURCEFIELD BUSINESSNAME ="" DATATYPE ="integer" DESCRIPTION ="" FIELDNUMBER ="4" FIELDPROPERTY ="0" FIELDTYPE ="ELEMITEM" HIDDEN ="NO" KEYTYPE ="NOT A KEY" LENGTH ="11" LEVEL ="0" NAME ="bonus" NULLABLE ="NULL" OCCURS ="0" OFFSET ="22" PHYSICALLENGTH ="10" PHYSICALOFFSET ="40" PICTURETEXT ="" PRECISION ="10" SCALE ="0" USAGE_FLAGS =""/>
    </SOURCE>
    <TARGET BUSINESSNAME ="" CONSTRAINT ="" DATABASETYPE ="Flat File" DESCRIPTION ="" NAME ="TS12_TGT_EMPLOYEE" OBJECTVERSION ="1" TABLEOPTIONS ="" VERSIONNUMBER ="1">
        <FLATFILE CODEPAGE ="MS1252" CONSECDELIMITERSASONE ="NO" DELIMITED ="YES" DELIMITERS ="," ESCAPE_CHARACTER ="" KEEPESCAPECHAR ="NO" LINESEQUENTIAL ="NO" MULTIDELIMITERSASAND ="NO" NULLCHARTYPE ="ASCII" NULL_CHARACTER ="*" PADBYTES ="1" QUOTE_CHARACTER ="NONE" REPEATABLE ="NO" ROWDELIMITER ="0" SKIPROWS ="0" STRIPTRAILINGBLANKS ="NO"/>
        <TARGETFIELD BUSINESSNAME ="" DATATYPE ="string" DESCRIPTION ="" FIELDNUMBER ="1" KEYTYPE ="NOT A KEY" NAME ="XMLOutput" NULLABLE ="NULL" PICTURETEXT ="" PRECISION ="10" SCALE ="0"/>
        <TABLEATTRIBUTE NAME ="Datetime Format" VALUE ="A  19 mm/dd/yyyy hh24:mi:ss"/>
        <TABLEATTRIBUTE NAME ="Thousand Separator" VALUE ="None"/>
        <TABLEATTRIBUTE NAME ="Decimal Separator" VALUE ="."/>
        <TABLEATTRIBUTE NAME ="Line Endings" VALUE ="System default"/>
    </TARGET>
    <MAPPING DESCRIPTION ="" ISVALID ="YES" NAME ="m_TS12_DB_XML" OBJECTVERSION ="1" VERSIONNUMBER ="1">
        <TRANSFORMATION DESCRIPTION ="" NAME ="SQ_employee" OBJECTVERSION ="1" REUSABLE ="NO" TYPE ="Source Qualifier" VERSIONNUMBER ="1">
            <TRANSFORMFIELD DATATYPE ="string" DEFAULTVALUE ="" DESCRIPTION ="" NAME ="EmpName" PICTURETEXT ="" PORTTYPE ="INPUT/OUTPUT" PRECISION ="20" SCALE ="0"/>
            <TRANSFORMFIELD DATATYPE ="integer" DEFAULTVALUE ="" DESCRIPTION ="" NAME ="EmpNo" PICTURETEXT ="" PORTTYPE ="INPUT/OUTPUT" PRECISION ="10" SCALE ="0"/>
            <TRANSFORMFIELD DATATYPE ="integer" DEFAULTVALUE ="" DESCRIPTION ="" NAME ="Deptno" PICTURETEXT ="" PORTTYPE ="INPUT/OUTPUT" PRECISION ="10" SCALE ="0"/>
            <TRANSFORMFIELD DATATYPE ="integer" DEFAULTVALUE ="" DESCRIPTION ="" NAME ="bonus" PICTURETEXT ="" PORTTYPE ="INPUT/OUTPUT" PRECISION ="10" SCALE ="0"/>
            <TABLEATTRIBUTE NAME ="Sql Query" VALUE =""/>
            <TABLEATTRIBUTE NAME ="User Defined Join" VALUE =""/>
            <TABLEATTRIBUTE NAME ="Source Filter" VALUE =""/>
            <TABLEATTRIBUTE NAME ="Number Of Sorted Ports" VALUE ="0"/>
            <TABLEATTRIBUTE NAME ="Tracing Level" VALUE ="Normal"/>
            <TABLEATTRIBUTE NAME ="Select Distinct" VALUE ="NO"/>
            <TABLEATTRIBUTE NAME ="Is Partitionable" VALUE ="NO"/>
            <TABLEATTRIBUTE NAME ="Pre SQL" VALUE =""/>
            <TABLEATTRIBUTE NAME ="Post SQL" VALUE =""/>
            <TABLEATTRIBUTE NAME ="Output is deterministic" VALUE ="NO"/>
            <TABLEATTRIBUTE NAME ="Output is repeatable" VALUE ="Never"/>
        </TRANSFORMATION>
        <TRANSFORMATION COMPONENTVERSION ="1000000" CRCVALUE ="3018578791" DESCRIPTION ="" NAME ="XML_LOAD" OBJECTVERSION ="1" REUSABLE ="NO" TEMPLATEID ="302002" TEMPLATENAME ="XML GENERATOR" TYPE ="Custom Transformation" VERSIONNUMBER ="1">
            <GROUP DESCRIPTION ="" NAME ="X_employee" ORDER ="2" TYPE ="INPUT"/>
            <GROUP DESCRIPTION ="" NAME ="X_XRoot" ORDER ="1" TYPE ="INPUT"/>
            <GROUP DESCRIPTION ="" NAME ="DataOutput" ORDER ="3" TYPE ="OUTPUT"/>
            <TRANSFORMFIELD DATATYPE ="bigint" DEFAULTVALUE ="" DESCRIPTION ="" GROUP ="X_XRoot" NAME ="XPK_XRoot" OUTPUTGROUP ="X_XRoot" PICTURETEXT ="" PORTTYPE ="GENERATED KEY/INPUT" PRECISION ="19" SCALE ="0">
                <TRANSFORMFIELDATTR NAME ="Option" VALUE ="1"/>
                <TRANSFORMFIELDATTR NAME ="XPath" VALUE =""/>
                <TRANSFORMFIELDATTR NAME ="Native_datatype" VALUE ="4224"/>
            </TRANSFORMFIELD>
            <TRANSFORMFIELD DATATYPE ="bigint" DEFAULTVALUE ="" DESCRIPTION ="" GROUP ="X_employee" NAME ="XPK_employee" OUTPUTGROUP ="X_employee" PICTURETEXT ="" PORTTYPE ="GENERATED KEY/INPUT" PRECISION ="19" SCALE ="0">
                <TRANSFORMFIELDATTR NAME ="Option" VALUE ="1"/>
                <TRANSFORMFIELDATTR NAME ="XPath" VALUE =""/>
                <TRANSFORMFIELDATTR NAME ="Native_datatype" VALUE ="4224"/>
            </TRANSFORMFIELD>
            <TRANSFORMFIELD DATATYPE ="bigint" DEFAULTVALUE ="" DESCRIPTION ="" GROUP ="X_employee" NAME ="FK_XRoot" OUTPUTGROUP ="X_employee" PICTURETEXT ="" PORTTYPE ="INPUT" PRECISION ="19" SCALE ="0">
                <TRANSFORMFIELDATTR NAME ="Option" VALUE ="20"/>
                <TRANSFORMFIELDATTR NAME ="XPath" VALUE =""/>
                <TRANSFORMFIELDATTR NAME ="Referenced_Key_Field" VALUE ="XPK_XRoot"/>
                <TRANSFORMFIELDATTR NAME ="Native_datatype" VALUE ="4224"/>
            </TRANSFORMFIELD>
            <TRANSFORMFIELD DATATYPE ="string" DEFAULTVALUE ="" DESCRIPTION ="" GROUP ="X_employee" NAME ="EmpName" OUTPUTGROUP ="X_employee" PICTURETEXT ="" PORTTYPE ="INPUT" PRECISION ="20" SCALE ="0">
                <TRANSFORMFIELDATTR NAME ="Option" VALUE ="16"/>
                <TRANSFORMFIELDATTR NAME ="XPath" VALUE ="./EmpName"/>
                <TRANSFORMFIELDATTR NAME ="Native_datatype" VALUE ="4201"/>
            </TRANSFORMFIELD>
            <TRANSFORMFIELD DATATYPE ="integer" DEFAULTVALUE ="" DESCRIPTION ="" GROUP ="X_employee" NAME ="EmpNo" OUTPUTGROUP ="X_employee" PICTURETEXT ="" PORTTYPE ="INPUT" PRECISION ="10" SCALE ="0">
                <TRANSFORMFIELDATTR NAME ="Option" VALUE ="16"/>
                <TRANSFORMFIELDATTR NAME ="XPath" VALUE ="./EmpNo"/>
                <TRANSFORMFIELDATTR NAME ="Native_datatype" VALUE ="4228"/>
            </TRANSFORMFIELD>
            <TRANSFORMFIELD DATATYPE ="integer" DEFAULTVALUE ="" DESCRIPTION ="" GROUP ="X_employee" NAME ="Deptno" OUTPUTGROUP ="X_employee" PICTURETEXT ="" PORTTYPE ="INPUT" PRECISION ="10" SCALE ="0">
                <TRANSFORMFIELDATTR NAME ="Option" VALUE ="16"/>
                <TRANSFORMFIELDATTR NAME ="XPath" VALUE ="./Deptno"/>
                <TRANSFORMFIELDATTR NAME ="Native_datatype" VALUE ="4228"/>
            </TRANSFORMFIELD>
            <TRANSFORMFIELD DATATYPE ="integer" DEFAULTVALUE ="" DESCRIPTION ="" GROUP ="X_employee" NAME ="bonus" OUTPUTGROUP ="X_employee" PICTURETEXT ="" PORTTYPE ="INPUT" PRECISION ="10" SCALE ="0">
                <TRANSFORMFIELDATTR NAME ="Option" VALUE ="16"/>
                <TRANSFORMFIELDATTR NAME ="XPath" VALUE ="./bonus"/>
                <TRANSFORMFIELDATTR NAME ="Native_datatype" VALUE ="4228"/>
            </TRANSFORMFIELD>
            <TRANSFORMFIELD DATATYPE ="string" DEFAULTVALUE ="" DESCRIPTION ="" GROUP ="DataOutput" NAME ="DataOutput" OUTPUTGROUP ="DataOutput" PICTURETEXT ="" PORTTYPE ="OUTPUT" PRECISION ="64000" SCALE ="0">
                <TRANSFORMFIELDATTR NAME ="Option" VALUE ="48"/>
                <TRANSFORMFIELDATTR NAME ="XPath" VALUE ="$DataField"/>
                <TRANSFORMFIELDATTR NAME ="Native_datatype" VALUE ="4201"/>
            </TRANSFORMFIELD>
            <TABLEATTRIBUTE NAME ="Language" VALUE ="C"/>
            <TABLEATTRIBUTE NAME ="Module Identifier" VALUE ="pmmidxmlwrt"/>
            <TABLEATTRIBUTE NAME ="Class Name" VALUE =""/>
            <TABLEATTRIBUTE NAME ="Function Identifier" VALUE ="PMXMLMGEPWriter"/>
            <TABLEATTRIBUTE NAME ="Runtime Location" VALUE =""/>
            <TABLEATTRIBUTE NAME ="Tracing Level" VALUE ="Normal"/>
            <TABLEATTRIBUTE NAME ="Is Partitionable" VALUE ="Across Grid"/>
            <TABLEATTRIBUTE NAME ="Inputs Must Block" VALUE ="NO"/>
            <TABLEATTRIBUTE NAME ="Is Active" VALUE ="YES"/>
            <TABLEATTRIBUTE NAME ="Update Strategy Transformation" VALUE ="NO"/>
            <TABLEATTRIBUTE NAME ="Transformation Scope" VALUE ="All Input"/>
            <TABLEATTRIBUTE NAME ="Generate Transaction" VALUE ="NO"/>
            <TABLEATTRIBUTE NAME ="Output Is Repeatable" VALUE ="Always"/>
            <TABLEATTRIBUTE NAME ="Requires Single Thread Per Partition" VALUE ="NO"/>
            <TABLEATTRIBUTE NAME ="Output Is Deterministic" VALUE ="YES"/>
            <TABLEATTRIBUTE NAME ="Preserves Data Set Boundary" VALUE ="No"/>
            <INITPROP DESCRIPTION ="" NAME ="Programmatic Identifier for Class Factory" USERDEFINED ="NO" VALUE =""/>
            <INITPROP DESCRIPTION ="" NAME ="Constructor" USERDEFINED ="NO" VALUE =""/>
            <INITPROP DESCRIPTION ="" NAME ="Flush on commit" USERDEFINED ="YES" VALUE ="0"/>
            <METADATAEXTENSION COMPONENTVERSION ="1000000" DATATYPE ="STRING" DESCRIPTION ="" DOMAINNAME ="MidXML_WRT_Domain" ISCLIENTEDITABLE ="NO" ISCLIENTVISIBLE ="NO" ISREUSABLE ="YES" ISSHAREREAD ="YES" ISSHAREWRITE ="YES" MAXLENGTH ="10000000" NAME ="XMLInfo" VALUE ="&#xA;    &lt;XMLINFO&gt;&#xA;        &lt;XMLTEXT TEXT =&quot;&amp;lt;?xml version=&amp;quot;1.0&amp;quot; encoding=&amp;quot;utf-8&amp;quot;?&amp;gt;&amp;#xA;&amp;lt;METASCHEMA ORIGIN=&amp;quot;xml,reposit&amp;quot; version=&amp;quot;7.01&amp;quot;&amp;gt;&amp;#xA;&amp;lt;NAMESPACEINFO NAMESPACE=&amp;quot;&amp;quot; PREFIX=&amp;quot;&amp;quot; ELEMENT-FORM-DEFAULT=&amp;quot;unqualified&amp;quot; ATTRIBUTE-FORM-DEFAULT=&amp;quot;unqualified&amp;quot; ROOTNAMESPACE=&amp;quot;true&amp;quot;&amp;gt;&amp;#xA;&amp;lt;/NAMESPACEINFO&amp;gt;&amp;#xA;&amp;lt;/METASCHEMA&amp;gt;&amp;#xA;&quot; TYPE =&quot;ADAPTER&quot;/&gt;&#xA;        &lt;XMLTEXT TEXT =&quot;&amp;lt;?xml version=&amp;quot;1.0&amp;quot; encoding=&amp;quot;utf-8&amp;quot;?&amp;gt;&amp;#xA;&amp;lt;xsd:schema xmlns:xsd=&amp;quot;http://www.w3.org/2001/XMLSchema&amp;quot; xmlns:infatype=&amp;quot;http://www.informatica.com/types/&amp;quot; elementFormDefault=&amp;quot;unqualified&amp;quot; attributeFormDefault=&amp;quot;unqualified&amp;quot;&amp;gt;&amp;#xA;&amp;lt;xsd:element name=&amp;quot;TS12_EMPLOYEE&amp;quot;&amp;gt;&amp;#xA;&amp;lt;xsd:complexType&amp;gt;&amp;#xA;&amp;lt;xsd:sequence&amp;gt;&amp;#xA;&amp;lt;xsd:element name=&amp;quot;EmpName&amp;quot; minOccurs=&amp;quot;0&amp;quot; maxOccurs=&amp;quot;1&amp;quot; type=&amp;quot;xsd:string&amp;quot; infatype:type=&amp;quot;xsd:string&amp;quot; infatype:length=&amp;quot;20&amp;quot;&amp;gt;&amp;#xA;&amp;lt;/xsd:element&amp;gt;&amp;#xA;&amp;lt;xsd:element name=&amp;quot;EmpNo&amp;quot; minOccurs=&amp;quot;0&amp;quot; maxOccurs=&amp;quot;1&amp;quot; type=&amp;quot;xsd:int&amp;quot;&amp;gt;&amp;#xA;&amp;lt;/xsd:element&amp;gt;&amp;#xA;&amp;lt;xsd:element name=&amp;quot;Deptno&amp;quot; minOccurs=&amp;quot;0&amp;quot; maxOccurs=&amp;quot;1&amp;quot; type=&amp;quot;xsd:int&amp;quot;&amp;gt;&amp;#xA;&amp;lt;/xsd:element&amp;gt;&amp;#xA;&amp;lt;xsd:element name=&amp;quot;bonus&amp;quot; minOccurs=&amp;quot;0&amp;quot; maxOccurs=&amp;quot;1&amp;quot; type=&amp;quot;xsd:int&amp;quot;&amp;gt;&amp;#xA;&amp;lt;/xsd:element&amp;gt;&amp;#xA;&amp;lt;/xsd:sequence&amp;gt;&amp;#xA;&amp;lt;/xsd:complexType&amp;gt;&amp;#xA;&amp;lt;/xsd:element&amp;gt;&amp;#xA;&amp;#xA;&amp;lt;xsd:element name=&amp;quot;XRoot&amp;quot;&amp;gt;&amp;#xA;&amp;lt;xsd:complexType&amp;gt;&amp;#xA;&amp;lt;xsd:sequence&amp;gt;&amp;#xA;&amp;lt;xsd:element ref=&amp;quot;TS12_EMPLOYEE&amp;quot; minOccurs=&amp;quot;0&amp;quot; maxOccurs=&amp;quot;unbounded&amp;quot;/&amp;gt;&amp;#xA;&amp;lt;/xsd:sequence&amp;gt;&amp;#xA;&amp;lt;/xsd:complexType&amp;gt;&amp;#xA;&amp;lt;/xsd:element&amp;gt;&amp;#xA;&amp;#xA;&amp;lt;/xsd:schema&amp;gt;&amp;#xA;&quot; TYPE =&quot;SCHEMA&quot;/&gt;&#xA;        &lt;XMLTEXT TEXT =&quot;&amp;lt;?xml version=&amp;quot;1.0&amp;quot; encoding=&amp;quot;utf-8&amp;quot;?&amp;gt;&amp;#xA;&amp;lt;METATABLE version=&amp;quot;7.01&amp;quot;&amp;gt;&amp;#xA;&amp;lt;GROUP GROUPNAME=&amp;quot;X_employee&amp;quot; OPTIONS=&amp;quot;|RowForHierRel&amp;quot;&amp;gt;&amp;#xA;&amp;lt;GROUPSAT&amp;gt;TS12_EMPLOYEE&amp;lt;/GROUPSAT&amp;gt;&amp;#xA;&amp;lt;COLUMN COLUMN_NAME=&amp;quot;FK_XRoot&amp;quot; RELATIONSHIP=&amp;quot;hierarchy&amp;quot;/&amp;gt;&amp;#xA;&amp;lt;/GROUP&amp;gt;&amp;#xA;&amp;lt;GROUP GROUPNAME=&amp;quot;X_XRoot&amp;quot;&amp;gt;&amp;#xA;&amp;lt;GROUPSAT&amp;gt;XRoot&amp;lt;/GROUPSAT&amp;gt;&amp;#xA;&amp;lt;/GROUP&amp;gt;&amp;#xA;&amp;lt;GROUP GROUPNAME=&amp;quot;DataOutput&amp;quot;&amp;gt;&amp;#xA;&amp;lt;/GROUP&amp;gt;&amp;#xA;&amp;lt;/METATABLE&amp;gt;&amp;#xA;&quot; TYPE =&quot;TABLE&quot;/&gt;&#xA;    &lt;/XMLINFO&gt;" VENDORNAME ="INFORMATICA"/>
            <TRANSFORMFIELDATTRDEF DATATYPE ="STRING" DEFAULTVALUE ="0" DESCRIPTION ="" NAME ="Option" ORDER ="0" TYPE ="NUMERIC"/>
            <TRANSFORMFIELDATTRDEF DATATYPE ="STRING" DESCRIPTION ="" NAME ="XPath" ORDER ="1" TYPE ="STRING"/>
            <TRANSFORMFIELDATTRDEF DATATYPE ="STRING" DESCRIPTION ="" NAME ="Referenced_Key_Field" ORDER ="2" TYPE ="STRING"/>
            <TRANSFORMFIELDATTRDEF DATATYPE ="STRING" DESCRIPTION ="" NAME ="Referenced_Ref_Field" ORDER ="3" TYPE ="STRING"/>
            <TRANSFORMFIELDATTRDEF DATATYPE ="STRING" DEFAULTVALUE ="0" DESCRIPTION ="" NAME ="Native_datatype" ORDER ="4" TYPE ="NUMERIC"/>
        </TRANSFORMATION>
        <INSTANCE DESCRIPTION ="" INSTANCEID ="3" NAME ="TS12_TGT_EMPLOYEE" TRANSFORMATION_NAME ="TS12_TGT_EMPLOYEE" TRANSFORMATION_TYPE ="Target Definition" TYPE ="TARGET"/>
        <INSTANCE DBDNAME ="tduser" DESCRIPTION ="" INSTANCEID ="1" NAME ="TS12_EMPLOYEE" TRANSFORMATION_NAME ="TS12_EMPLOYEE" TRANSFORMATION_TYPE ="Source Definition" TYPE ="SOURCE"/>
        <INSTANCE DESCRIPTION ="" INSTANCEID ="2" NAME ="SQ_employee" REUSABLE ="NO" TRANSFORMATION_NAME ="SQ_employee" TRANSFORMATION_TYPE ="Source Qualifier" TYPE ="TRANSFORMATION">
            <ASSOCIATED_SOURCE_INSTANCE NAME ="TS12_EMPLOYEE"/>
        </INSTANCE>
        <INSTANCE DESCRIPTION ="" INSTANCEID ="7" NAME ="XML_LOAD" REUSABLE ="NO" TRANSFORMATION_NAME ="XML_LOAD" TRANSFORMATION_TYPE ="Custom Transformation" TYPE ="TRANSFORMATION"/>
        <CONNECTOR FROMFIELD ="DataOutput" FROMINSTANCE ="XML_LOAD" FROMINSTANCETYPE ="Custom Transformation" TOFIELD ="XMLOutput" TOINSTANCE ="TS12_TGT_EMPLOYEE" TOINSTANCETYPE ="Target Definition"/>
        <CONNECTOR FROMFIELD ="EmpName" FROMINSTANCE ="TS12_EMPLOYEE" FROMINSTANCETYPE ="Source Definition" TOFIELD ="EmpName" TOINSTANCE ="SQ_employee" TOINSTANCETYPE ="Source Qualifier"/>
        <CONNECTOR FROMFIELD ="EmpNo" FROMINSTANCE ="TS12_EMPLOYEE" FROMINSTANCETYPE ="Source Definition" TOFIELD ="EmpNo" TOINSTANCE ="SQ_employee" TOINSTANCETYPE ="Source Qualifier"/>
        <CONNECTOR FROMFIELD ="Deptno" FROMINSTANCE ="TS12_EMPLOYEE" FROMINSTANCETYPE ="Source Definition" TOFIELD ="Deptno" TOINSTANCE ="SQ_employee" TOINSTANCETYPE ="Source Qualifier"/>
        <CONNECTOR FROMFIELD ="bonus" FROMINSTANCE ="TS12_EMPLOYEE" FROMINSTANCETYPE ="Source Definition" TOFIELD ="bonus" TOINSTANCE ="SQ_employee" TOINSTANCETYPE ="Source Qualifier"/>
        <CONNECTOR FROMFIELD ="EmpName" FROMINSTANCE ="SQ_employee" FROMINSTANCETYPE ="Source Qualifier" TOFIELD ="EmpName" TOINSTANCE ="XML_LOAD" TOINSTANCETYPE ="Custom Transformation"/>
        <CONNECTOR FROMFIELD ="EmpNo" FROMINSTANCE ="SQ_employee" FROMINSTANCETYPE ="Source Qualifier" TOFIELD ="EmpNo" TOINSTANCE ="XML_LOAD" TOINSTANCETYPE ="Custom Transformation"/>
        <CONNECTOR FROMFIELD ="Deptno" FROMINSTANCE ="SQ_employee" FROMINSTANCETYPE ="Source Qualifier" TOFIELD ="Deptno" TOINSTANCE ="XML_LOAD" TOINSTANCETYPE ="Custom Transformation"/>
        <CONNECTOR FROMFIELD ="bonus" FROMINSTANCE ="SQ_employee" FROMINSTANCETYPE ="Source Qualifier" TOFIELD ="bonus" TOINSTANCE ="XML_LOAD" TOINSTANCETYPE ="Custom Transformation"/>
        <TARGETLOADORDER ORDER ="1" TARGETINSTANCE ="TS12_TGT_EMPLOYEE"/>
        <ERPINFO/>
    </MAPPING>
    <CONFIG DESCRIPTION ="Default session configuration object" ISDEFAULT ="YES" NAME ="default_session_config" VERSIONNUMBER ="1">
        <ATTRIBUTE NAME ="Advanced" VALUE =""/>
        <ATTRIBUTE NAME ="Constraint based load ordering" VALUE ="NO"/>
        <ATTRIBUTE NAME ="Cache LOOKUP() function" VALUE ="YES"/>
        <ATTRIBUTE NAME ="Default buffer block size" VALUE ="Auto"/>
        <ATTRIBUTE NAME ="Line Sequential buffer length" VALUE ="1024"/>
        <ATTRIBUTE NAME ="Maximum Memory Allowed For Auto Memory Attributes" VALUE ="512MB"/>
        <ATTRIBUTE NAME ="Maximum Percentage of Total Memory Allowed For Auto Memory Attributes" VALUE ="5"/>
        <ATTRIBUTE NAME ="Additional Concurrent Pipelines for Lookup Cache Creation" VALUE ="Auto"/>
        <ATTRIBUTE NAME ="Custom Properties" VALUE =""/>
        <ATTRIBUTE NAME ="Pre-build lookup cache" VALUE ="Auto"/>
        <ATTRIBUTE NAME ="Optimization Level" VALUE ="Medium"/>
        <ATTRIBUTE NAME ="DateTime Format String" VALUE ="MM/DD/YYYY HH24:MI:SS.US"/>
        <ATTRIBUTE NAME ="Pre 85 Timestamp Compatibility" VALUE ="NO"/>
        <ATTRIBUTE NAME ="Log Options" VALUE ="0"/>
        <ATTRIBUTE NAME ="Save session log by" VALUE ="Session runs"/>
        <ATTRIBUTE NAME ="Save session log for these runs" VALUE ="0"/>
        <ATTRIBUTE NAME ="Session Log File Max Size" VALUE ="0"/>
        <ATTRIBUTE NAME ="Session Log File Max Time Period" VALUE ="0"/>
        <ATTRIBUTE NAME ="Maximum Partial Session Log Files" VALUE ="1"/>
        <ATTRIBUTE NAME ="Writer Commit Statistics Log Frequency" VALUE ="1"/>
        <ATTRIBUTE NAME ="Writer Commit Statistics Log Interval" VALUE ="0"/>
        <ATTRIBUTE NAME ="Error handling" VALUE =""/>
        <ATTRIBUTE NAME ="Stop on errors" VALUE ="0"/>
        <ATTRIBUTE NAME ="Override tracing" VALUE ="None"/>
        <ATTRIBUTE NAME ="On Stored Procedure error" VALUE ="Stop"/>
        <ATTRIBUTE NAME ="On Pre-session command task error" VALUE ="Stop"/>
        <ATTRIBUTE NAME ="On Pre-Post SQL error" VALUE ="Stop"/>
        <ATTRIBUTE NAME ="Enable Recovery" VALUE ="NO"/>
        <ATTRIBUTE NAME ="Error Log Type" VALUE ="None"/>
        <ATTRIBUTE NAME ="Error Log Table Name Prefix" VALUE =""/>
        <ATTRIBUTE NAME ="Error Log File Name" VALUE ="PMError.log"/>
        <ATTRIBUTE NAME ="Log Source Row Data" VALUE ="NO"/>
        <ATTRIBUTE NAME ="Data Column Delimiter" VALUE ="|"/>
        <ATTRIBUTE NAME ="Partitioning Options" VALUE =""/>
        <ATTRIBUTE NAME ="Dynamic Partitioning" VALUE ="Disabled"/>
        <ATTRIBUTE NAME ="Number of Partitions" VALUE ="1"/>
        <ATTRIBUTE NAME ="Multiplication Factor" VALUE ="Auto"/>
        <ATTRIBUTE NAME ="Session on Grid" VALUE =""/>
        <ATTRIBUTE NAME ="Is Enabled" VALUE ="NO"/>
    </CONFIG>
    <WORKFLOW DESCRIPTION ="These workflows are created from the Workflow Generation Wizard." ISENABLED ="YES" ISRUNNABLESERVICE ="NO" ISSERVICE ="NO" ISVALID ="YES" NAME ="wf_m_TS12_DB_XML" REUSABLE_SCHEDULER ="NO" SCHEDULERNAME ="Scheduler" SERVERNAME ="ravana" SERVER_DOMAINNAME ="RAWAN" SUSPEND_ON_ERROR ="NO" TASKS_MUST_RUN_ON_SERVER ="NO" VERSIONNUMBER ="1">
        <SCHEDULER DESCRIPTION ="" NAME ="Scheduler" REUSABLE ="NO" VERSIONNUMBER ="1">
            <SCHEDULEINFO SCHEDULETYPE ="ONDEMAND"/>
        </SCHEDULER>
        <TASK DESCRIPTION ="" NAME ="Start" REUSABLE ="NO" TYPE ="Start" VERSIONNUMBER ="1"/>
        <SESSION DESCRIPTION ="" ISVALID ="YES" MAPPINGNAME ="m_TS12_DB_XML" NAME ="s_m_TS12_DB_XML" REUSABLE ="NO" SORTORDER ="Binary" VERSIONNUMBER ="1">
            <SESSTRANSFORMATIONINST ISREPARTITIONPOINT ="NO" PIPELINE ="0" SINSTANCENAME ="TS12_EMPLOYEE" STAGE ="0" TRANSFORMATIONNAME ="TS12_EMPLOYEE" TRANSFORMATIONTYPE ="Source Definition">
                <ATTRIBUTE NAME ="Owner Name" VALUE ="TS12"/>
                <ATTRIBUTE NAME ="Source Table Name" VALUE ="TS12_EMPLOYEE"/>
            </SESSTRANSFORMATIONINST>
            <SESSTRANSFORMATIONINST ISREPARTITIONPOINT ="YES" PARTITIONTYPE ="PASS THROUGH" PIPELINE ="1" SINSTANCENAME ="SQ_employee" STAGE ="1" TRANSFORMATIONNAME ="SQ_employee" TRANSFORMATIONTYPE ="Source Qualifier"/>
            <SESSTRANSFORMATIONINST ISREPARTITIONPOINT ="YES" PARTITIONTYPE ="PASS THROUGH" PIPELINE ="1" SINSTANCENAME ="TS12_TGT_EMPLOYEE" STAGE ="2" TRANSFORMATIONNAME ="TS12_TGT_EMPLOYEE" TRANSFORMATIONTYPE ="Target Definition">
                <FLATFILE CODEPAGE ="MS1252" CONSECDELIMITERSASONE ="NO" DELIMITED ="YES" DELIMITERS ="," ESCAPE_CHARACTER ="" KEEPESCAPECHAR ="NO" LINESEQUENTIAL ="NO" MULTIDELIMITERSASAND ="NO" NULLCHARTYPE ="ASCII" NULL_CHARACTER ="*" PADBYTES ="1" QUOTE_CHARACTER ="NONE" REPEATABLE ="NO" ROWDELIMITER ="0" SKIPROWS ="0" STRIPTRAILINGBLANKS ="NO"/>
            </SESSTRANSFORMATIONINST>
            <SESSTRANSFORMATIONINST ISREPARTITIONPOINT ="NO" PIPELINE ="1" SINSTANCENAME ="XML_LOAD" STAGE ="1" TRANSFORMATIONNAME ="XML_LOAD" TRANSFORMATIONTYPE ="Custom Transformation">
                <SESSTRANSFORMATIONGROUP GROUP ="X_employee"/>
                <SESSTRANSFORMATIONGROUP GROUP ="X_XRoot"/>
            </SESSTRANSFORMATIONINST>
            <CONFIGREFERENCE REFOBJECTNAME ="default_session_config" TYPE ="Session config"/>
            <SESSIONCOMPONENT REFOBJECTNAME ="presession_variable_assignment" REUSABLE ="NO" TYPE ="Pre-session variable assignment">
                <TASK DESCRIPTION ="" NAME ="presession_variable_assignment" REUSABLE ="NO" TYPE ="Command" VERSIONNUMBER ="1">
                    <ATTRIBUTE NAME ="Fail task if any command fails" VALUE ="NO"/>
                    <ATTRIBUTE NAME ="Recovery Strategy" VALUE ="Fail task and continue workflow"/>
                </TASK>
            </SESSIONCOMPONENT>
            <SESSIONCOMPONENT REFOBJECTNAME ="postsession_success_variable_assignment" REUSABLE ="NO" TYPE ="Post-session success variable assignment">
                <TASK DESCRIPTION ="" NAME ="postsession_success_variable_assignment" REUSABLE ="NO" TYPE ="Command" VERSIONNUMBER ="1">
                    <ATTRIBUTE NAME ="Fail task if any command fails" VALUE ="NO"/>
                    <ATTRIBUTE NAME ="Recovery Strategy" VALUE ="Fail task and continue workflow"/>
                </TASK>
            </SESSIONCOMPONENT>
            <SESSIONCOMPONENT REFOBJECTNAME ="postsession_failure_variable_assignment" REUSABLE ="NO" TYPE ="Post-session failure variable assignment">
                <TASK DESCRIPTION ="" NAME ="postsession_failure_variable_assignment" REUSABLE ="NO" TYPE ="Command" VERSIONNUMBER ="1">
                    <ATTRIBUTE NAME ="Fail task if any command fails" VALUE ="NO"/>
                    <ATTRIBUTE NAME ="Recovery Strategy" VALUE ="Fail task and continue workflow"/>
                </TASK>
            </SESSIONCOMPONENT>
            <SESSIONEXTENSION DSQINSTNAME ="SQ_employee" DSQINSTTYPE ="Source Qualifier" NAME ="Relational Reader" SINSTANCENAME ="TS12_EMPLOYEE" SUBTYPE ="Relational Reader" TRANSFORMATIONTYPE ="Source Definition" TYPE ="READER"/>
            <SESSIONEXTENSION NAME ="Relational Reader" SINSTANCENAME ="SQ_employee" SUBTYPE ="Relational Reader" TRANSFORMATIONTYPE ="Source Qualifier" TYPE ="READER">
                <CONNECTIONREFERENCE CNXREFNAME ="DB Connection" CONNECTIONNAME ="Teradata" CONNECTIONNUMBER ="1" CONNECTIONSUBTYPE ="Teradata" CONNECTIONTYPE ="Relational" VARIABLE =""/>
            </SESSIONEXTENSION>
            <SESSIONEXTENSION NAME ="File Writer" SINSTANCENAME ="TS12_TGT_EMPLOYEE" SUBTYPE ="File Writer" TRANSFORMATIONTYPE ="Target Definition" TYPE ="WRITER">
                <CONNECTIONREFERENCE CNXREFNAME ="Connection" CONNECTIONNAME ="" CONNECTIONNUMBER ="1" CONNECTIONSUBTYPE ="" CONNECTIONTYPE ="" VARIABLE =""/>
                <ATTRIBUTE NAME ="Merge Type" VALUE ="No Merge"/>
                <ATTRIBUTE NAME ="Merge File Directory" VALUE ="$PMTargetFileDir&#x5c;"/>
                <ATTRIBUTE NAME ="Merge File Name" VALUE ="tgt_employee1.out"/>
                <ATTRIBUTE NAME ="Append if Exists" VALUE ="NO"/>
                <ATTRIBUTE NAME ="Create Target Directory" VALUE ="NO"/>
                <ATTRIBUTE NAME ="Header Options" VALUE ="No Header"/>
                <ATTRIBUTE NAME ="Header Command" VALUE =""/>
                <ATTRIBUTE NAME ="Footer Command" VALUE =""/>
                <ATTRIBUTE NAME ="Output Type" VALUE ="File"/>
                <ATTRIBUTE NAME ="Merge Command" VALUE =""/>
                <ATTRIBUTE NAME ="Output file directory" VALUE ="$PMTargetFileDir&#x5c;"/>
                <ATTRIBUTE NAME ="Output filename" VALUE ="TS12_TGT_EMPLOYEE.out"/>
                <ATTRIBUTE NAME ="Reject file directory" VALUE ="$PMBadFileDir&#x5c;"/>
                <ATTRIBUTE NAME ="Reject filename" VALUE ="TS12_TGT_EMPLOYEE.bad"/>
                <ATTRIBUTE NAME ="Command" VALUE =""/>
                <ATTRIBUTE NAME ="Codepage Parameter" VALUE =""/>
            </SESSIONEXTENSION>
            <SESSIONEXTENSION COMPONENTVERSION ="1000000" NAME ="Mid Stream XML Generator Extensions" SINSTANCENAME ="XML_LOAD" SUBTYPE ="Mid Stream XML Generator Extensions" TRANSFORMATIONTYPE ="Custom Transformation" TYPE ="TEMPLATEEXTENSION">
                <ATTRIBUTE NAME ="Validate Output" VALUE ="YES"/>
                <ATTRIBUTE NAME ="Format Output" VALUE ="YES"/>
                <ATTRIBUTE NAME ="XML DateTime Format" VALUE ="Local Time"/>
                <ATTRIBUTE NAME ="Null Content Representation" VALUE ="No Tag"/>
                <ATTRIBUTE NAME ="Empty String Content Representation" VALUE ="No Tag"/>
                <ATTRIBUTE NAME ="Duplicate Group Row Handling" VALUE ="Error"/>
                <ATTRIBUTE NAME ="Orphan Row Handling" VALUE ="Error"/>
                <ATTRIBUTE NAME ="DTD Reference" VALUE =""/>
                <ATTRIBUTE NAME ="Null Attribute Representation" VALUE ="No Attribute"/>
                <ATTRIBUTE NAME ="Empty String Attribute Representation" VALUE ="Attribute Name With Empty String"/>
                <ATTRIBUTE NAME ="Cache Directory" VALUE ="$PMCacheDir"/>
                <ATTRIBUTE NAME ="Cache Size" VALUE ="10000000"/>
            </SESSIONEXTENSION>
            <ATTRIBUTE NAME ="General Options" VALUE =""/>
            <ATTRIBUTE NAME ="Write Backward Compatible Session Log File" VALUE ="NO"/>
            <ATTRIBUTE NAME ="Session Log File Name" VALUE ="s_m_TS12_DB_XML.log"/>
            <ATTRIBUTE NAME ="Session Log File directory" VALUE ="$PMSessionLogDir&#x5c;"/>
            <ATTRIBUTE NAME ="Parameter Filename" VALUE =""/>
            <ATTRIBUTE NAME ="Enable Test Load" VALUE ="NO"/>
            <ATTRIBUTE NAME ="$Source connection value" VALUE =""/>
            <ATTRIBUTE NAME ="$Target connection value" VALUE =""/>
            <ATTRIBUTE NAME ="Treat source rows as" VALUE ="Insert"/>
            <ATTRIBUTE NAME ="Commit Type" VALUE ="Target"/>
            <ATTRIBUTE NAME ="Commit Interval" VALUE ="10000"/>
            <ATTRIBUTE NAME ="Commit On End Of File" VALUE ="YES"/>
            <ATTRIBUTE NAME ="Rollback Transactions on Errors" VALUE ="NO"/>
            <ATTRIBUTE NAME ="Recovery Strategy" VALUE ="Fail task and continue workflow"/>
            <ATTRIBUTE NAME ="Java Classpath" VALUE =""/>
            <ATTRIBUTE NAME ="Performance" VALUE =""/>
            <ATTRIBUTE NAME ="DTM buffer size" VALUE ="24000000"/>
            <ATTRIBUTE NAME ="Collect performance data" VALUE ="NO"/>
            <ATTRIBUTE NAME ="Write performance data to repository" VALUE ="NO"/>
            <ATTRIBUTE NAME ="Incremental Aggregation" VALUE ="NO"/>
            <ATTRIBUTE NAME ="Session retry on deadlock" VALUE ="NO"/>
            <ATTRIBUTE NAME ="Pushdown Optimization" VALUE ="None"/>
            <ATTRIBUTE NAME ="Allow Temporary View for Pushdown" VALUE ="NO"/>
            <ATTRIBUTE NAME ="Allow Temporary Sequence for Pushdown" VALUE ="NO"/>
            <ATTRIBUTE NAME ="Allow Pushdown for User Incompatible Connections" VALUE ="NO"/>
        </SESSION>
        <TASKINSTANCE DESCRIPTION ="" ISENABLED ="YES" NAME ="Start" REUSABLE ="NO" TASKNAME ="Start" TASKTYPE ="Start"/>
        <TASKINSTANCE DESCRIPTION ="" FAIL_PARENT_IF_INSTANCE_DID_NOT_RUN ="NO" FAIL_PARENT_IF_INSTANCE_FAILS ="YES" ISENABLED ="YES" NAME ="s_m_TS12_DB_XML" REUSABLE ="NO" TASKNAME ="s_m_TS12_DB_XML" TASKTYPE ="Session" TREAT_INPUTLINK_AS_AND ="YES"/>
        <WORKFLOWLINK CONDITION ="" FROMTASK ="Start" TOTASK ="s_m_TS12_DB_XML"/>
        <WORKFLOWVARIABLE DATATYPE ="date/time" DEFAULTVALUE ="" DESCRIPTION ="The time this task started" ISNULL ="NO" ISPERSISTENT ="NO" NAME ="$Start.StartTime" USERDEFINED ="NO"/>
        <WORKFLOWVARIABLE DATATYPE ="date/time" DEFAULTVALUE ="" DESCRIPTION ="The time this task completed" ISNULL ="NO" ISPERSISTENT ="NO" NAME ="$Start.EndTime" USERDEFINED ="NO"/>
        <WORKFLOWVARIABLE DATATYPE ="integer" DEFAULTVALUE ="" DESCRIPTION ="Status of this task&apos;s execution" ISNULL ="NO" ISPERSISTENT ="NO" NAME ="$Start.Status" USERDEFINED ="NO"/>
        <WORKFLOWVARIABLE DATATYPE ="integer" DEFAULTVALUE ="" DESCRIPTION ="Status of the previous task that is not disabled" ISNULL ="NO" ISPERSISTENT ="NO" NAME ="$Start.PrevTaskStatus" USERDEFINED ="NO"/>
        <WORKFLOWVARIABLE DATATYPE ="integer" DEFAULTVALUE ="" DESCRIPTION ="Error code for this task&apos;s execution" ISNULL ="NO" ISPERSISTENT ="NO" NAME ="$Start.ErrorCode" USERDEFINED ="NO"/>
        <WORKFLOWVARIABLE DATATYPE ="string" DEFAULTVALUE ="" DESCRIPTION ="Error message for this task&apos;s execution" ISNULL ="NO" ISPERSISTENT ="NO" NAME ="$Start.ErrorMsg" USERDEFINED ="NO"/>
        <WORKFLOWVARIABLE DATATYPE ="date/time" DEFAULTVALUE ="" DESCRIPTION ="The time this task started" ISNULL ="NO" ISPERSISTENT ="NO" NAME ="$s_m_TS12_DB_XML.StartTime" USERDEFINED ="NO"/>
        <WORKFLOWVARIABLE DATATYPE ="date/time" DEFAULTVALUE ="" DESCRIPTION ="The time this task completed" ISNULL ="NO" ISPERSISTENT ="NO" NAME ="$s_m_TS12_DB_XML.EndTime" USERDEFINED ="NO"/>
        <WORKFLOWVARIABLE DATATYPE ="integer" DEFAULTVALUE ="" DESCRIPTION ="Status of this task&apos;s execution" ISNULL ="NO" ISPERSISTENT ="NO" NAME ="$s_m_TS12_DB_XML.Status" USERDEFINED ="NO"/>
        <WORKFLOWVARIABLE DATATYPE ="integer" DEFAULTVALUE ="" DESCRIPTION ="Status of the previous task that is not disabled" ISNULL ="NO" ISPERSISTENT ="NO" NAME ="$s_m_TS12_DB_XML.PrevTaskStatus" USERDEFINED ="NO"/>
        <WORKFLOWVARIABLE DATATYPE ="integer" DEFAULTVALUE ="" DESCRIPTION ="Error code for this task&apos;s execution" ISNULL ="NO" ISPERSISTENT ="NO" NAME ="$s_m_TS12_DB_XML.ErrorCode" USERDEFINED ="NO"/>
        <WORKFLOWVARIABLE DATATYPE ="string" DEFAULTVALUE ="" DESCRIPTION ="Error message for this task&apos;s execution" ISNULL ="NO" ISPERSISTENT ="NO" NAME ="$s_m_TS12_DB_XML.ErrorMsg" USERDEFINED ="NO"/>
        <WORKFLOWVARIABLE DATATYPE ="integer" DEFAULTVALUE ="" DESCRIPTION ="Rows successfully read" ISNULL ="NO" ISPERSISTENT ="NO" NAME ="$s_m_TS12_DB_XML.SrcSuccessRows" USERDEFINED ="NO"/>
        <WORKFLOWVARIABLE DATATYPE ="integer" DEFAULTVALUE ="" DESCRIPTION ="Rows failed to read" ISNULL ="NO" ISPERSISTENT ="NO" NAME ="$s_m_TS12_DB_XML.SrcFailedRows" USERDEFINED ="NO"/>
        <WORKFLOWVARIABLE DATATYPE ="integer" DEFAULTVALUE ="" DESCRIPTION ="Rows successfully loaded" ISNULL ="NO" ISPERSISTENT ="NO" NAME ="$s_m_TS12_DB_XML.TgtSuccessRows" USERDEFINED ="NO"/>
        <WORKFLOWVARIABLE DATATYPE ="integer" DEFAULTVALUE ="" DESCRIPTION ="Rows failed to load" ISNULL ="NO" ISPERSISTENT ="NO" NAME ="$s_m_TS12_DB_XML.TgtFailedRows" USERDEFINED ="NO"/>
        <WORKFLOWVARIABLE DATATYPE ="integer" DEFAULTVALUE ="" DESCRIPTION ="Total number of transformation errors" ISNULL ="NO" ISPERSISTENT ="NO" NAME ="$s_m_TS12_DB_XML.TotalTransErrors" USERDEFINED ="NO"/>
        <WORKFLOWVARIABLE DATATYPE ="integer" DEFAULTVALUE ="" DESCRIPTION ="First error code" ISNULL ="NO" ISPERSISTENT ="NO" NAME ="$s_m_TS12_DB_XML.FirstErrorCode" USERDEFINED ="NO"/>
        <WORKFLOWVARIABLE DATATYPE ="string" DEFAULTVALUE ="" DESCRIPTION ="First error message" ISNULL ="NO" ISPERSISTENT ="NO" NAME ="$s_m_TS12_DB_XML.FirstErrorMsg" USERDEFINED ="NO"/>
        <ATTRIBUTE NAME ="Parameter Filename" VALUE =""/>
        <ATTRIBUTE NAME ="Write Backward Compatible Workflow Log File" VALUE ="NO"/>
        <ATTRIBUTE NAME ="Workflow Log File Name" VALUE ="wf_m_TS12_DB_XML.log"/>
        <ATTRIBUTE NAME ="Workflow Log File Directory" VALUE ="$PMWorkflowLogDir&#x5c;"/>
        <ATTRIBUTE NAME ="Save Workflow log by" VALUE ="By runs"/>
        <ATTRIBUTE NAME ="Save workflow log for these runs" VALUE ="0"/>
        <ATTRIBUTE NAME ="Service Name" VALUE =""/>
        <ATTRIBUTE NAME ="Service Timeout" VALUE ="0"/>
        <ATTRIBUTE NAME ="Is Service Visible" VALUE ="NO"/>
        <ATTRIBUTE NAME ="Is Service Protected" VALUE ="NO"/>
        <ATTRIBUTE NAME ="Enable HA recovery" VALUE ="NO"/>
        <ATTRIBUTE NAME ="Automatically recover terminated tasks" VALUE ="NO"/>
        <ATTRIBUTE NAME ="Service Level Name" VALUE ="Default"/>
        <ATTRIBUTE NAME ="Allow concurrent run with unique run instance name" VALUE ="NO"/>
        <ATTRIBUTE NAME ="Allow concurrent run with same run instance name" VALUE ="NO"/>
        <ATTRIBUTE NAME ="Maximum number of concurrent runs" VALUE ="0"/>
        <ATTRIBUTE NAME ="Assigned Web Services Hubs" VALUE =""/>
        <ATTRIBUTE NAME ="Maximum number of concurrent runs per Hub" VALUE ="1000"/>
        <ATTRIBUTE NAME ="Expected Service Time" VALUE ="1"/>
    </WORKFLOW>
</FOLDER>
</REPOSITORY>
</POWERMART>