<?xml version="1.0" encoding="Windows-1252"?>
<!DOCTYPE POWERMART SYSTEM "powrmart.dtd">
<POWERMART CREATION_DATE="06/06/2018 12:28:42" REPOSITORY_VERSION="181.90">
<REPOSITORY NAME="Support" VERSION="181" CODEPAGE="MS1252" DATABASETYPE="Microsoft SQL Server">
<FOLDER NAME="TS07" GROUP="" OWNER="Administrator" SHARED="NOTSHARED" DESCRIPTION="" PERMISSIONS="rwx---r--" UUID="fcda05a7-71a9-4044-a2cb-a3463c08520b">
    <SOURCE BUSINESSNAME ="" DATABASETYPE ="Teradata" DBDNAME ="tduser" DESCRIPTION ="" NAME ="TS07_DETAILS" OBJECTVERSION ="1" OWNERNAME ="TS07" VERSIONNUMBER ="1">
        <SOURCEFIELD BUSINESSNAME ="" DATATYPE ="integer" DESCRIPTION ="" FIELDNUMBER ="1" FIELDPROPERTY ="0" FIELDTYPE ="ELEMITEM" HIDDEN ="NO" KEYTYPE ="NOT A KEY" LENGTH ="11" LEVEL ="0" NAME ="sno" NULLABLE ="NULL" OCCURS ="0" OFFSET ="0" PHYSICALLENGTH ="10" PHYSICALOFFSET ="0" PICTURETEXT ="" PRECISION ="10" SCALE ="0" USAGE_FLAGS =""/>
        <SOURCEFIELD BUSINESSNAME ="" DATATYPE ="varchar" DESCRIPTION ="" FIELDNUMBER ="2" FIELDPROPERTY ="0" FIELDTYPE ="ELEMITEM" HIDDEN ="NO" KEYTYPE ="NOT A KEY" LENGTH ="0" LEVEL ="0" NAME ="name" NULLABLE ="NULL" OCCURS ="0" OFFSET ="11" PHYSICALLENGTH ="20" PHYSICALOFFSET ="10" PICTURETEXT ="" PRECISION ="20" SCALE ="0" USAGE_FLAGS =""/>
        <SOURCEFIELD BUSINESSNAME ="" DATATYPE ="integer" DESCRIPTION ="" FIELDNUMBER ="3" FIELDPROPERTY ="0" FIELDTYPE ="ELEMITEM" HIDDEN ="NO" KEYTYPE ="NOT A KEY" LENGTH ="11" LEVEL ="0" NAME ="deptno" NULLABLE ="NULL" OCCURS ="0" OFFSET ="11" PHYSICALLENGTH ="10" PHYSICALOFFSET ="30" PICTURETEXT ="" PRECISION ="10" SCALE ="0" USAGE_FLAGS =""/>
        <SOURCEFIELD BUSINESSNAME ="" DATATYPE ="integer" DESCRIPTION ="" FIELDNUMBER ="4" FIELDPROPERTY ="0" FIELDTYPE ="ELEMITEM" HIDDEN ="NO" KEYTYPE ="NOT A KEY" LENGTH ="11" LEVEL ="0" NAME ="salary" NULLABLE ="NULL" OCCURS ="0" OFFSET ="22" PHYSICALLENGTH ="10" PHYSICALOFFSET ="40" PICTURETEXT ="" PRECISION ="10" SCALE ="0" USAGE_FLAGS =""/>
        <SOURCEFIELD BUSINESSNAME ="" DATATYPE ="integer" DESCRIPTION ="" FIELDNUMBER ="5" FIELDPROPERTY ="0" FIELDTYPE ="ELEMITEM" HIDDEN ="NO" KEYTYPE ="NOT A KEY" LENGTH ="11" LEVEL ="0" NAME ="workexperience" NULLABLE ="NULL" OCCURS ="0" OFFSET ="33" PHYSICALLENGTH ="10" PHYSICALOFFSET ="50" PICTURETEXT ="" PRECISION ="10" SCALE ="0" USAGE_FLAGS =""/>
    </SOURCE>
    <TARGET BUSINESSNAME ="" CONSTRAINT ="" DATABASETYPE ="Teradata" DESCRIPTION ="" NAME ="TS07_DETAILS1" OBJECTVERSION ="1" TABLEOPTIONS ="" VERSIONNUMBER ="1">
        <TARGETFIELD BUSINESSNAME ="" DATATYPE ="integer" DESCRIPTION ="" FIELDNUMBER ="1" KEYTYPE ="NOT A KEY" NAME ="sno" NULLABLE ="NULL" PICTURETEXT ="" PRECISION ="10" SCALE ="0"/>
        <TARGETFIELD BUSINESSNAME ="" DATATYPE ="varchar" DESCRIPTION ="" FIELDNUMBER ="2" KEYTYPE ="NOT A KEY" NAME ="name" NULLABLE ="NULL" PICTURETEXT ="" PRECISION ="20" SCALE ="0"/>
        <TARGETFIELD BUSINESSNAME ="" DATATYPE ="integer" DESCRIPTION ="" FIELDNUMBER ="3" KEYTYPE ="NOT A KEY" NAME ="deptno" NULLABLE ="NULL" PICTURETEXT ="" PRECISION ="10" SCALE ="0"/>
        <TARGETFIELD BUSINESSNAME ="" DATATYPE ="integer" DESCRIPTION ="" FIELDNUMBER ="4" KEYTYPE ="NOT A KEY" NAME ="salary" NULLABLE ="NULL" PICTURETEXT ="" PRECISION ="10" SCALE ="0"/>
        <TARGETFIELD BUSINESSNAME ="" DATATYPE ="integer" DESCRIPTION ="" FIELDNUMBER ="5" KEYTYPE ="NOT A KEY" NAME ="workexperience" NULLABLE ="NULL" PICTURETEXT ="" PRECISION ="10" SCALE ="0"/>
        <TARGETFIELD BUSINESSNAME ="" DATATYPE ="integer" DESCRIPTION ="" FIELDNUMBER ="6" KEYTYPE ="NOT A KEY" NAME ="newsal" NULLABLE ="NULL" PICTURETEXT ="" PRECISION ="10" SCALE ="0"/>
    </TARGET>
    <MAPPING DESCRIPTION ="" ISVALID ="YES" NAME ="m_TS07_DB1_DB1" OBJECTVERSION ="1" VERSIONNUMBER ="1">
        <TRANSFORMATION DESCRIPTION ="" NAME ="SQ_details" OBJECTVERSION ="1" REUSABLE ="NO" TYPE ="Source Qualifier" VERSIONNUMBER ="1">
            <TRANSFORMFIELD DATATYPE ="integer" DEFAULTVALUE ="" DESCRIPTION ="" NAME ="sno" PICTURETEXT ="" PORTTYPE ="INPUT/OUTPUT" PRECISION ="10" SCALE ="0"/>
            <TRANSFORMFIELD DATATYPE ="string" DEFAULTVALUE ="" DESCRIPTION ="" NAME ="name" PICTURETEXT ="" PORTTYPE ="INPUT/OUTPUT" PRECISION ="20" SCALE ="0"/>
            <TRANSFORMFIELD DATATYPE ="integer" DEFAULTVALUE ="" DESCRIPTION ="" NAME ="deptno" PICTURETEXT ="" PORTTYPE ="INPUT/OUTPUT" PRECISION ="10" SCALE ="0"/>
            <TRANSFORMFIELD DATATYPE ="integer" DEFAULTVALUE ="" DESCRIPTION ="" NAME ="salary" PICTURETEXT ="" PORTTYPE ="INPUT/OUTPUT" PRECISION ="10" SCALE ="0"/>
            <TRANSFORMFIELD DATATYPE ="integer" DEFAULTVALUE ="" DESCRIPTION ="" NAME ="workexperience" PICTURETEXT ="" PORTTYPE ="INPUT/OUTPUT" PRECISION ="10" SCALE ="0"/>
            <TABLEATTRIBUTE NAME ="Sql Query" VALUE =""/>
            <TABLEATTRIBUTE NAME ="User Defined Join" VALUE =""/>
            <TABLEATTRIBUTE NAME ="Source Filter" VALUE =""/>
            <TABLEATTRIBUTE NAME ="Number Of Sorted Ports" VALUE ="0"/>
            <TABLEATTRIBUTE NAME ="Tracing Level" VALUE ="Normal"/>
            <TABLEATTRIBUTE NAME ="Select Distinct" VALUE ="NO"/>
            <TABLEATTRIBUTE NAME ="Is Partitionable" VALUE ="NO"/>
            <TABLEATTRIBUTE NAME ="Pre SQL" VALUE =""/>
            <TABLEATTRIBUTE NAME ="Post SQL" VALUE =""/>
            <TABLEATTRIBUTE NAME ="Output is deterministic" VALUE ="NO"/>
            <TABLEATTRIBUTE NAME ="Output is repeatable" VALUE ="Never"/>
        </TRANSFORMATION>
        <TRANSFORMATION COMPONENTVERSION ="1000000" DESCRIPTION ="" NAME ="sql_loader" OBJECTVERSION ="1" REUSABLE ="NO" TEMPLATEID ="310800" TEMPLATENAME ="SQL Transform" TYPE ="Custom Transformation" VERSIONNUMBER ="1">
            <GROUP DESCRIPTION ="" NAME ="SQLInputs" ORDER ="1" TYPE ="INPUT"/>
            <GROUP DESCRIPTION ="" NAME ="SQLOutputs" ORDER ="2" TYPE ="OUTPUT"/>
            <TRANSFORMFIELD DATATYPE ="string" DEFAULTVALUE ="" DESCRIPTION ="" GROUP ="SQLInputs" NAME ="LogicalConnectionObject" OUTPUTGROUP ="SQLInputs" PICTURETEXT ="" PORTTYPE ="INPUT" PRECISION ="256" SCALE ="0"/>
            <TRANSFORMFIELD DATATYPE ="double" DEFAULTVALUE ="" DESCRIPTION ="" GROUP ="SQLInputs" NAME ="sno" OUTPUTGROUP ="SQLInputs" PICTURETEXT ="" PORTTYPE ="INPUT" PRECISION ="15" SCALE ="0">
                <TRANSFORMFIELDATTR NAME ="SQLT_PORT_ATTRIBUTE" VALUE ="2"/>
                <TRANSFORMFIELDATTR NAME ="SQLT_PORT_NATIVE_TYPE" VALUE ="float"/>
            </TRANSFORMFIELD>
            <TRANSFORMFIELD DATATYPE ="string" DEFAULTVALUE ="" DESCRIPTION ="" GROUP ="SQLInputs" NAME ="name" OUTPUTGROUP ="SQLInputs" PICTURETEXT ="" PORTTYPE ="INPUT" PRECISION ="15" SCALE ="0">
                <TRANSFORMFIELDATTR NAME ="SQLT_PORT_ATTRIBUTE" VALUE ="2"/>
                <TRANSFORMFIELDATTR NAME ="SQLT_PORT_NATIVE_TYPE" VALUE ="char"/>
            </TRANSFORMFIELD>
            <TRANSFORMFIELD DATATYPE ="double" DEFAULTVALUE ="" DESCRIPTION ="" GROUP ="SQLInputs" NAME ="deptno" OUTPUTGROUP ="SQLInputs" PICTURETEXT ="" PORTTYPE ="INPUT" PRECISION ="15" SCALE ="0">
                <TRANSFORMFIELDATTR NAME ="SQLT_PORT_ATTRIBUTE" VALUE ="2"/>
                <TRANSFORMFIELDATTR NAME ="SQLT_PORT_NATIVE_TYPE" VALUE ="float"/>
            </TRANSFORMFIELD>
            <TRANSFORMFIELD DATATYPE ="double" DEFAULTVALUE ="" DESCRIPTION ="" GROUP ="SQLInputs" NAME ="salary" OUTPUTGROUP ="SQLInputs" PICTURETEXT ="" PORTTYPE ="INPUT" PRECISION ="15" SCALE ="0">
                <TRANSFORMFIELDATTR NAME ="SQLT_PORT_ATTRIBUTE" VALUE ="2"/>
                <TRANSFORMFIELDATTR NAME ="SQLT_PORT_NATIVE_TYPE" VALUE ="float"/>
            </TRANSFORMFIELD>
            <TRANSFORMFIELD DATATYPE ="double" DEFAULTVALUE ="" DESCRIPTION ="" GROUP ="SQLInputs" NAME ="workexperience" OUTPUTGROUP ="SQLInputs" PICTURETEXT ="" PORTTYPE ="INPUT" PRECISION ="15" SCALE ="0">
                <TRANSFORMFIELDATTR NAME ="SQLT_PORT_ATTRIBUTE" VALUE ="2"/>
                <TRANSFORMFIELDATTR NAME ="SQLT_PORT_NATIVE_TYPE" VALUE ="float"/>
            </TRANSFORMFIELD>
            <TRANSFORMFIELD DATATYPE ="string" DEFAULTVALUE ="" DESCRIPTION ="" GROUP ="SQLOutputs" NAME ="SQLError" OUTPUTGROUP ="SQLOutputs" PICTURETEXT ="" PORTTYPE ="OUTPUT" PRECISION ="4096" SCALE ="0"/>
            <TRANSFORMFIELD DATATYPE ="double" DEFAULTVALUE ="" DESCRIPTION ="" GROUP ="SQLOutputs" NAME ="sno_output" OUTPUTGROUP ="SQLOutputs" PICTURETEXT ="" PORTTYPE ="OUTPUT" PRECISION ="15" SCALE ="0">
                <TRANSFORMFIELDATTR NAME ="SQLT_PORT_ATTRIBUTE" VALUE ="2"/>
                <TRANSFORMFIELDATTR NAME ="SQLT_PORT_NATIVE_TYPE" VALUE ="float"/>
            </TRANSFORMFIELD>
            <TRANSFORMFIELD DATATYPE ="string" DEFAULTVALUE ="" DESCRIPTION ="" GROUP ="SQLOutputs" NAME ="name_output" OUTPUTGROUP ="SQLOutputs" PICTURETEXT ="" PORTTYPE ="OUTPUT" PRECISION ="15" SCALE ="0">
                <TRANSFORMFIELDATTR NAME ="SQLT_PORT_ATTRIBUTE" VALUE ="2"/>
                <TRANSFORMFIELDATTR NAME ="SQLT_PORT_NATIVE_TYPE" VALUE ="char"/>
            </TRANSFORMFIELD>
            <TRANSFORMFIELD DATATYPE ="double" DEFAULTVALUE ="" DESCRIPTION ="" GROUP ="SQLOutputs" NAME ="deptno_output" OUTPUTGROUP ="SQLOutputs" PICTURETEXT ="" PORTTYPE ="OUTPUT" PRECISION ="15" SCALE ="0">
                <TRANSFORMFIELDATTR NAME ="SQLT_PORT_ATTRIBUTE" VALUE ="2"/>
                <TRANSFORMFIELDATTR NAME ="SQLT_PORT_NATIVE_TYPE" VALUE ="float"/>
            </TRANSFORMFIELD>
            <TRANSFORMFIELD DATATYPE ="double" DEFAULTVALUE ="" DESCRIPTION ="" GROUP ="SQLOutputs" NAME ="salary_output" OUTPUTGROUP ="SQLOutputs" PICTURETEXT ="" PORTTYPE ="OUTPUT" PRECISION ="15" SCALE ="0">
                <TRANSFORMFIELDATTR NAME ="SQLT_PORT_ATTRIBUTE" VALUE ="2"/>
                <TRANSFORMFIELDATTR NAME ="SQLT_PORT_NATIVE_TYPE" VALUE ="float"/>
            </TRANSFORMFIELD>
            <TRANSFORMFIELD DATATYPE ="double" DEFAULTVALUE ="" DESCRIPTION ="" GROUP ="SQLOutputs" NAME ="workexperience_output" OUTPUTGROUP ="SQLOutputs" PICTURETEXT ="" PORTTYPE ="OUTPUT" PRECISION ="15" SCALE ="0">
                <TRANSFORMFIELDATTR NAME ="SQLT_PORT_ATTRIBUTE" VALUE ="2"/>
                <TRANSFORMFIELDATTR NAME ="SQLT_PORT_NATIVE_TYPE" VALUE ="float"/>
            </TRANSFORMFIELD>
            <TRANSFORMFIELD DATATYPE ="double" DEFAULTVALUE ="" DESCRIPTION ="" GROUP ="SQLOutputs" NAME ="newsal" OUTPUTGROUP ="SQLOutputs" PICTURETEXT ="" PORTTYPE ="OUTPUT" PRECISION ="15" SCALE ="0">
                <TRANSFORMFIELDATTR NAME ="SQLT_PORT_ATTRIBUTE" VALUE ="2"/>
                <TRANSFORMFIELDATTR NAME ="SQLT_PORT_NATIVE_TYPE" VALUE ="float"/>
            </TRANSFORMFIELD>
            <TABLEATTRIBUTE NAME ="Language" VALUE ="C++"/>
            <TABLEATTRIBUTE NAME ="Module Identifier" VALUE ="sqltransform"/>
            <TABLEATTRIBUTE NAME ="Class Name" VALUE ="SQLPluginDriver"/>
            <TABLEATTRIBUTE NAME ="Function Identifier" VALUE =""/>
            <TABLEATTRIBUTE NAME ="Runtime Location" VALUE =""/>
            <TABLEATTRIBUTE NAME ="Tracing Level" VALUE ="Normal"/>
            <TABLEATTRIBUTE NAME ="Is Partitionable" VALUE ="Across Grid"/>
            <TABLEATTRIBUTE NAME ="Inputs Must Block" VALUE ="NO"/>
            <TABLEATTRIBUTE NAME ="Is Active" VALUE ="YES"/>
            <TABLEATTRIBUTE NAME ="Update Strategy Transformation" VALUE ="NO"/>
            <TABLEATTRIBUTE NAME ="Transformation Scope" VALUE ="Row"/>
            <TABLEATTRIBUTE NAME ="Generate Transaction" VALUE ="NO"/>
            <TABLEATTRIBUTE NAME ="Output Is Repeatable" VALUE ="Never"/>
            <TABLEATTRIBUTE NAME ="Requires Single Thread Per Partition" VALUE ="NO"/>
            <TABLEATTRIBUTE NAME ="Output Is Deterministic" VALUE ="YES"/>
            <TABLEATTRIBUTE NAME ="Preserves Data Set Boundary" VALUE ="No"/>
            <INITPROP DESCRIPTION ="" NAME ="Programmatic Identifier for Class Factory" USERDEFINED ="NO" VALUE =""/>
            <INITPROP DESCRIPTION ="" NAME ="Constructor" USERDEFINED ="NO" VALUE =""/>
            <METADATAEXTENSION COMPONENTVERSION ="1000000" DATATYPE ="STRING" DESCRIPTION ="" DOMAINNAME ="SQL_Transform" ISCLIENTEDITABLE ="NO" ISCLIENTVISIBLE ="NO" ISREUSABLE ="YES" ISSHAREREAD ="YES" ISSHAREWRITE ="YES" MAXLENGTH ="6" NAME ="Auto_Commit" VALUE ="FALSE" VENDORNAME ="INFORMATICA"/>
            <METADATAEXTENSION COMPONENTVERSION ="1000000" DATATYPE ="NUMERIC" DESCRIPTION ="" DOMAINNAME ="SQL_Transform" ISCLIENTEDITABLE ="NO" ISCLIENTVISIBLE ="NO" ISREUSABLE ="YES" ISSHAREREAD ="YES" ISSHAREWRITE ="YES" MAXLENGTH ="1" NAME ="Connection_Type" VALUE ="2" VENDORNAME ="INFORMATICA"/>
            <METADATAEXTENSION COMPONENTVERSION ="1000000" DATATYPE ="NUMERIC" DESCRIPTION ="" DOMAINNAME ="SQL_Transform" ISCLIENTEDITABLE ="NO" ISCLIENTVISIBLE ="NO" ISREUSABLE ="YES" ISSHAREREAD ="YES" ISSHAREWRITE ="YES" MAXLENGTH ="1" NAME ="DB_Type" VALUE ="64" VENDORNAME ="INFORMATICA"/>
            <METADATAEXTENSION COMPONENTVERSION ="1000000" DATATYPE ="STRING" DESCRIPTION ="" DOMAINNAME ="SQL_Transform" ISCLIENTEDITABLE ="NO" ISCLIENTVISIBLE ="NO" ISREUSABLE ="YES" ISSHAREREAD ="YES" ISSHAREWRITE ="YES" MAXLENGTH ="6" NAME ="Is_Continue_On_Error_Selected" VALUE ="FALSE" VENDORNAME ="INFORMATICA"/>
            <METADATAEXTENSION COMPONENTVERSION ="1000000" DATATYPE ="STRING" DESCRIPTION ="" DOMAINNAME ="SQL_Transform" ISCLIENTEDITABLE ="NO" ISCLIENTVISIBLE ="NO" ISREUSABLE ="YES" ISSHAREREAD ="YES" ISSHAREWRITE ="YES" MAXLENGTH ="6" NAME ="Is_Stats_Option_Selected" VALUE ="FALSE" VENDORNAME ="INFORMATICA"/>
            <METADATAEXTENSION COMPONENTVERSION ="1000000" DATATYPE ="NUMERIC" DESCRIPTION ="" DOMAINNAME ="SQL_Transform" ISCLIENTEDITABLE ="NO" ISCLIENTVISIBLE ="NO" ISREUSABLE ="YES" ISSHAREREAD ="YES" ISSHAREWRITE ="YES" MAXLENGTH ="6" NAME ="Max_conn_pool" VALUE ="10" VENDORNAME ="INFORMATICA"/>
            <METADATAEXTENSION COMPONENTVERSION ="1000000" DATATYPE ="NUMERIC" DESCRIPTION ="" DOMAINNAME ="SQL_Transform" ISCLIENTEDITABLE ="NO" ISCLIENTVISIBLE ="NO" ISREUSABLE ="YES" ISSHAREREAD ="YES" ISSHAREWRITE ="YES" MAXLENGTH ="0" NAME ="Max_Out_Row_Count" VALUE ="10000" VENDORNAME ="INFORMATICA"/>
            <METADATAEXTENSION COMPONENTVERSION ="1000000" DATATYPE ="STRING" DESCRIPTION ="" DOMAINNAME ="SQL_Transform" ISCLIENTEDITABLE ="NO" ISCLIENTVISIBLE ="NO" ISREUSABLE ="YES" ISSHAREREAD ="YES" ISSHAREWRITE ="YES" MAXLENGTH ="2147483647" NAME ="Query_Description" VALUE ="" VENDORNAME ="INFORMATICA"/>
            <METADATAEXTENSION COMPONENTVERSION ="1000000" DATATYPE ="STRING" DESCRIPTION ="" DOMAINNAME ="SQL_Transform" ISCLIENTEDITABLE ="NO" ISCLIENTVISIBLE ="NO" ISREUSABLE ="YES" ISSHAREREAD ="YES" ISSHAREWRITE ="YES" MAXLENGTH ="1000" NAME ="Script_Locale" VALUE ="" VENDORNAME ="INFORMATICA"/>
            <METADATAEXTENSION COMPONENTVERSION ="1000000" DATATYPE ="NUMERIC" DESCRIPTION ="" DOMAINNAME ="SQL_Transform" ISCLIENTEDITABLE ="NO" ISCLIENTVISIBLE ="NO" ISREUSABLE ="YES" ISSHAREREAD ="YES" ISSHAREWRITE ="YES" MAXLENGTH ="1" NAME ="SQL_Mode" VALUE ="0" VENDORNAME ="INFORMATICA"/>
            <METADATAEXTENSION COMPONENTVERSION ="1000000" DATATYPE ="STRING" DESCRIPTION ="" DOMAINNAME ="SQL_Transform" ISCLIENTEDITABLE ="NO" ISCLIENTVISIBLE ="NO" ISREUSABLE ="YES" ISSHAREREAD ="YES" ISSHAREWRITE ="YES" MAXLENGTH ="2147483647" NAME ="SQL_Query" VALUE ="DELETE FROM TS07_DETAILS WHERE Dept =240&#xD;&#xA;" VENDORNAME ="INFORMATICA"/>
            <METADATAEXTENSION COMPONENTVERSION ="1000000" DATATYPE ="STRING" DESCRIPTION ="" DOMAINNAME ="SQL_Transform" ISCLIENTEDITABLE ="NO" ISCLIENTVISIBLE ="NO" ISREUSABLE ="YES" ISSHAREREAD ="YES" ISSHAREWRITE ="YES" MAXLENGTH ="6" NAME ="Treat_DB_Conn_Failure_As_Fatal" VALUE ="FALSE" VENDORNAME ="INFORMATICA"/>
            <METADATAEXTENSION COMPONENTVERSION ="1000000" DATATYPE ="STRING" DESCRIPTION ="" DOMAINNAME ="SQL_Transform" ISCLIENTEDITABLE ="NO" ISCLIENTVISIBLE ="NO" ISREUSABLE ="YES" ISSHAREREAD ="YES" ISSHAREWRITE ="YES" MAXLENGTH ="6" NAME ="Use_conn_pool" VALUE ="FALSE" VENDORNAME ="INFORMATICA"/>
            <TRANSFORMFIELDATTRDEF DATATYPE ="STRING" DEFAULTVALUE ="0" DESCRIPTION ="" NAME ="SQLT_PORT_ATTRIBUTE" ORDER ="0" TYPE ="NUMERIC"/>
            <TRANSFORMFIELDATTRDEF DATATYPE ="STRING" DESCRIPTION ="" NAME ="SQLT_PORT_NATIVE_TYPE" ORDER ="1" TYPE ="STRING"/>
        </TRANSFORMATION>
        <INSTANCE DESCRIPTION ="" INSTANCEID ="3" NAME ="TS07_DETAILS1" TRANSFORMATION_NAME ="TS07_DETAILS1" TRANSFORMATION_TYPE ="Target Definition" TYPE ="TARGET"/>
        <INSTANCE DBDNAME ="tduser" DESCRIPTION ="" INSTANCEID ="1" NAME ="TS07_DETAILS" TRANSFORMATION_NAME ="TS07_DETAILS" TRANSFORMATION_TYPE ="Source Definition" TYPE ="SOURCE"/>
        <INSTANCE DESCRIPTION ="" INSTANCEID ="2" NAME ="SQ_details" REUSABLE ="NO" TRANSFORMATION_NAME ="SQ_details" TRANSFORMATION_TYPE ="Source Qualifier" TYPE ="TRANSFORMATION">
            <ASSOCIATED_SOURCE_INSTANCE NAME ="TS07_DETAILS"/>
        </INSTANCE>
        <INSTANCE DESCRIPTION ="" INSTANCEID ="5" NAME ="sql_loader" REUSABLE ="NO" TRANSFORMATION_NAME ="sql_loader" TRANSFORMATION_TYPE ="Custom Transformation" TYPE ="TRANSFORMATION"/>
        <CONNECTOR FROMFIELD ="sno_output" FROMINSTANCE ="sql_loader" FROMINSTANCETYPE ="Custom Transformation" TOFIELD ="sno" TOINSTANCE ="TS07_DETAILS1" TOINSTANCETYPE ="Target Definition"/>
        <CONNECTOR FROMFIELD ="name_output" FROMINSTANCE ="sql_loader" FROMINSTANCETYPE ="Custom Transformation" TOFIELD ="name" TOINSTANCE ="TS07_DETAILS1" TOINSTANCETYPE ="Target Definition"/>
        <CONNECTOR FROMFIELD ="deptno_output" FROMINSTANCE ="sql_loader" FROMINSTANCETYPE ="Custom Transformation" TOFIELD ="deptno" TOINSTANCE ="TS07_DETAILS1" TOINSTANCETYPE ="Target Definition"/>
        <CONNECTOR FROMFIELD ="salary_output" FROMINSTANCE ="sql_loader" FROMINSTANCETYPE ="Custom Transformation" TOFIELD ="salary" TOINSTANCE ="TS07_DETAILS1" TOINSTANCETYPE ="Target Definition"/>
        <CONNECTOR FROMFIELD ="workexperience_output" FROMINSTANCE ="sql_loader" FROMINSTANCETYPE ="Custom Transformation" TOFIELD ="workexperience" TOINSTANCE ="TS07_DETAILS1" TOINSTANCETYPE ="Target Definition"/>
        <CONNECTOR FROMFIELD ="newsal" FROMINSTANCE ="sql_loader" FROMINSTANCETYPE ="Custom Transformation" TOFIELD ="newsal" TOINSTANCE ="TS07_DETAILS1" TOINSTANCETYPE ="Target Definition"/>
        <CONNECTOR FROMFIELD ="sno" FROMINSTANCE ="TS07_DETAILS" FROMINSTANCETYPE ="Source Definition" TOFIELD ="sno" TOINSTANCE ="SQ_details" TOINSTANCETYPE ="Source Qualifier"/>
        <CONNECTOR FROMFIELD ="name" FROMINSTANCE ="TS07_DETAILS" FROMINSTANCETYPE ="Source Definition" TOFIELD ="name" TOINSTANCE ="SQ_details" TOINSTANCETYPE ="Source Qualifier"/>
        <CONNECTOR FROMFIELD ="deptno" FROMINSTANCE ="TS07_DETAILS" FROMINSTANCETYPE ="Source Definition" TOFIELD ="deptno" TOINSTANCE ="SQ_details" TOINSTANCETYPE ="Source Qualifier"/>
        <CONNECTOR FROMFIELD ="salary" FROMINSTANCE ="TS07_DETAILS" FROMINSTANCETYPE ="Source Definition" TOFIELD ="salary" TOINSTANCE ="SQ_details" TOINSTANCETYPE ="Source Qualifier"/>
        <CONNECTOR FROMFIELD ="workexperience" FROMINSTANCE ="TS07_DETAILS" FROMINSTANCETYPE ="Source Definition" TOFIELD ="workexperience" TOINSTANCE ="SQ_details" TOINSTANCETYPE ="Source Qualifier"/>
        <CONNECTOR FROMFIELD ="sno" FROMINSTANCE ="SQ_details" FROMINSTANCETYPE ="Source Qualifier" TOFIELD ="sno" TOINSTANCE ="sql_loader" TOINSTANCETYPE ="Custom Transformation"/>
        <CONNECTOR FROMFIELD ="name" FROMINSTANCE ="SQ_details" FROMINSTANCETYPE ="Source Qualifier" TOFIELD ="name" TOINSTANCE ="sql_loader" TOINSTANCETYPE ="Custom Transformation"/>
        <CONNECTOR FROMFIELD ="deptno" FROMINSTANCE ="SQ_details" FROMINSTANCETYPE ="Source Qualifier" TOFIELD ="deptno" TOINSTANCE ="sql_loader" TOINSTANCETYPE ="Custom Transformation"/>
        <CONNECTOR FROMFIELD ="salary" FROMINSTANCE ="SQ_details" FROMINSTANCETYPE ="Source Qualifier" TOFIELD ="salary" TOINSTANCE ="sql_loader" TOINSTANCETYPE ="Custom Transformation"/>
        <CONNECTOR FROMFIELD ="workexperience" FROMINSTANCE ="SQ_details" FROMINSTANCETYPE ="Source Qualifier" TOFIELD ="workexperience" TOINSTANCE ="sql_loader" TOINSTANCETYPE ="Custom Transformation"/>
        <TARGETLOADORDER ORDER ="1" TARGETINSTANCE ="TS07_DETAILS1"/>
        <ERPINFO/>
    </MAPPING>
    <CONFIG DESCRIPTION ="Default session configuration object" ISDEFAULT ="YES" NAME ="default_session_config" VERSIONNUMBER ="1">
        <ATTRIBUTE NAME ="Advanced" VALUE =""/>
        <ATTRIBUTE NAME ="Constraint based load ordering" VALUE ="NO"/>
        <ATTRIBUTE NAME ="Cache LOOKUP() function" VALUE ="YES"/>
        <ATTRIBUTE NAME ="Default buffer block size" VALUE ="Auto"/>
        <ATTRIBUTE NAME ="Line Sequential buffer length" VALUE ="1024"/>
        <ATTRIBUTE NAME ="Maximum Memory Allowed For Auto Memory Attributes" VALUE ="512MB"/>
        <ATTRIBUTE NAME ="Maximum Percentage of Total Memory Allowed For Auto Memory Attributes" VALUE ="5"/>
        <ATTRIBUTE NAME ="Additional Concurrent Pipelines for Lookup Cache Creation" VALUE ="Auto"/>
        <ATTRIBUTE NAME ="Custom Properties" VALUE =""/>
        <ATTRIBUTE NAME ="Pre-build lookup cache" VALUE ="Auto"/>
        <ATTRIBUTE NAME ="Optimization Level" VALUE ="Medium"/>
        <ATTRIBUTE NAME ="DateTime Format String" VALUE ="MM/DD/YYYY HH24:MI:SS.US"/>
        <ATTRIBUTE NAME ="Pre 85 Timestamp Compatibility" VALUE ="NO"/>
        <ATTRIBUTE NAME ="Log Options" VALUE ="0"/>
        <ATTRIBUTE NAME ="Save session log by" VALUE ="Session runs"/>
        <ATTRIBUTE NAME ="Save session log for these runs" VALUE ="0"/>
        <ATTRIBUTE NAME ="Session Log File Max Size" VALUE ="0"/>
        <ATTRIBUTE NAME ="Session Log File Max Time Period" VALUE ="0"/>
        <ATTRIBUTE NAME ="Maximum Partial Session Log Files" VALUE ="1"/>
        <ATTRIBUTE NAME ="Writer Commit Statistics Log Frequency" VALUE ="1"/>
        <ATTRIBUTE NAME ="Writer Commit Statistics Log Interval" VALUE ="0"/>
        <ATTRIBUTE NAME ="Error handling" VALUE =""/>
        <ATTRIBUTE NAME ="Stop on errors" VALUE ="0"/>
        <ATTRIBUTE NAME ="Override tracing" VALUE ="None"/>
        <ATTRIBUTE NAME ="On Stored Procedure error" VALUE ="Stop"/>
        <ATTRIBUTE NAME ="On Pre-session command task error" VALUE ="Stop"/>
        <ATTRIBUTE NAME ="On Pre-Post SQL error" VALUE ="Stop"/>
        <ATTRIBUTE NAME ="Enable Recovery" VALUE ="NO"/>
        <ATTRIBUTE NAME ="Error Log Type" VALUE ="None"/>
        <ATTRIBUTE NAME ="Error Log Table Name Prefix" VALUE =""/>
        <ATTRIBUTE NAME ="Error Log File Name" VALUE ="PMError.log"/>
        <ATTRIBUTE NAME ="Log Source Row Data" VALUE ="NO"/>
        <ATTRIBUTE NAME ="Data Column Delimiter" VALUE ="|"/>
        <ATTRIBUTE NAME ="Partitioning Options" VALUE =""/>
        <ATTRIBUTE NAME ="Dynamic Partitioning" VALUE ="Disabled"/>
        <ATTRIBUTE NAME ="Number of Partitions" VALUE ="1"/>
        <ATTRIBUTE NAME ="Multiplication Factor" VALUE ="Auto"/>
        <ATTRIBUTE NAME ="Session on Grid" VALUE =""/>
        <ATTRIBUTE NAME ="Is Enabled" VALUE ="NO"/>
    </CONFIG>
    <WORKFLOW DESCRIPTION ="These workflows are created from the Workflow Generation Wizard." ISENABLED ="YES" ISRUNNABLESERVICE ="NO" ISSERVICE ="NO" ISVALID ="YES" NAME ="wfs_m_TS07_DB1_DB1" REUSABLE_SCHEDULER ="NO" SCHEDULERNAME ="Scheduler" SERVERNAME ="ravana" SERVER_DOMAINNAME ="RAWAN" SUSPEND_ON_ERROR ="NO" TASKS_MUST_RUN_ON_SERVER ="NO" VERSIONNUMBER ="1">
        <SCHEDULER DESCRIPTION ="" NAME ="Scheduler" REUSABLE ="NO" VERSIONNUMBER ="1">
            <SCHEDULEINFO SCHEDULETYPE ="ONDEMAND"/>
        </SCHEDULER>
        <TASK DESCRIPTION ="" NAME ="Start" REUSABLE ="NO" TYPE ="Start" VERSIONNUMBER ="1"/>
        <SESSION DESCRIPTION ="" ISVALID ="YES" MAPPINGNAME ="m_TS07_DB1_DB1" NAME ="ss_m_TS07_DB1_DB1" REUSABLE ="NO" SORTORDER ="Binary" VERSIONNUMBER ="1">
            <SESSTRANSFORMATIONINST ISREPARTITIONPOINT ="NO" PIPELINE ="0" SINSTANCENAME ="TS07_DETAILS" STAGE ="0" TRANSFORMATIONNAME ="TS07_DETAILS" TRANSFORMATIONTYPE ="Source Definition">
                <ATTRIBUTE NAME ="Owner Name" VALUE ="TS07"/>
                <ATTRIBUTE NAME ="Source Table Name" VALUE ="TS07_DETAILS"/>
            </SESSTRANSFORMATIONINST>
            <SESSTRANSFORMATIONINST ISREPARTITIONPOINT ="YES" PARTITIONTYPE ="PASS THROUGH" PIPELINE ="1" SINSTANCENAME ="SQ_details" STAGE ="1" TRANSFORMATIONNAME ="SQ_details" TRANSFORMATIONTYPE ="Source Qualifier"/>
            <SESSTRANSFORMATIONINST ISREPARTITIONPOINT ="YES" PARTITIONTYPE ="PASS THROUGH" PIPELINE ="1" SINSTANCENAME ="TS07_DETAILS1" STAGE ="2" TRANSFORMATIONNAME ="TS07_DETAILS1" TRANSFORMATIONTYPE ="Target Definition"/>
            <SESSTRANSFORMATIONINST ISREPARTITIONPOINT ="NO" PIPELINE ="1" SINSTANCENAME ="sql_loader" STAGE ="1" TRANSFORMATIONNAME ="sql_loader" TRANSFORMATIONTYPE ="Custom Transformation">
                <SESSTRANSFORMATIONGROUP GROUP ="SQLInputs"/>
            </SESSTRANSFORMATIONINST>
            <CONFIGREFERENCE REFOBJECTNAME ="default_session_config" TYPE ="Session config"/>
            <SESSIONEXTENSION DSQINSTNAME ="SQ_details" DSQINSTTYPE ="Source Qualifier" NAME ="Relational Reader" SINSTANCENAME ="TS07_DETAILS" SUBTYPE ="Relational Reader" TRANSFORMATIONTYPE ="Source Definition" TYPE ="READER"/>
            <SESSIONEXTENSION NAME ="Relational Reader" SINSTANCENAME ="SQ_details" SUBTYPE ="Relational Reader" TRANSFORMATIONTYPE ="Source Qualifier" TYPE ="READER">
                <CONNECTIONREFERENCE CNXREFNAME ="DB Connection" CONNECTIONNAME ="Teradata" CONNECTIONNUMBER ="1" CONNECTIONSUBTYPE ="Teradata" CONNECTIONTYPE ="Relational" VARIABLE =""/>
            </SESSIONEXTENSION>
            <SESSIONEXTENSION NAME ="Relational Writer" SINSTANCENAME ="TS07_DETAILS1" SUBTYPE ="Relational Writer" TRANSFORMATIONTYPE ="Target Definition" TYPE ="WRITER">
                <CONNECTIONREFERENCE CNXREFNAME ="DB Connection" CONNECTIONNAME ="Teradata" CONNECTIONNUMBER ="1" CONNECTIONSUBTYPE ="Teradata" CONNECTIONTYPE ="Relational" VARIABLE =""/>
                <ATTRIBUTE NAME ="Target load type" VALUE ="Bulk"/>
                <ATTRIBUTE NAME ="Insert" VALUE ="YES"/>
                <ATTRIBUTE NAME ="Update as Update" VALUE ="YES"/>
                <ATTRIBUTE NAME ="Update as Insert" VALUE ="NO"/>
                <ATTRIBUTE NAME ="Update else Insert" VALUE ="NO"/>
                <ATTRIBUTE NAME ="Delete" VALUE ="YES"/>
                <ATTRIBUTE NAME ="Truncate target table option" VALUE ="NO"/>
                <ATTRIBUTE NAME ="Reject file directory" VALUE ="$PMBadFileDir&#x5c;"/>
                <ATTRIBUTE NAME ="Reject filename" VALUE ="Teradata"/>
            </SESSIONEXTENSION>
            <SESSIONEXTENSION COMPONENTVERSION ="1000000" NAME ="SQL Transform Midstream Extension" SINSTANCENAME ="sql_loader" SUBTYPE ="SQL Transform Midstream Extension" TRANSFORMATIONTYPE ="Custom Transformation" TYPE ="TEMPLATEEXTENSION">
                <CONNECTIONREFERENCE CNXREFNAME ="SQL_Transform" CONNECTIONNAME ="" CONNECTIONNUMBER ="1" CONNECTIONSUBTYPE ="" CONNECTIONTYPE ="" VARIABLE =""/>
            </SESSIONEXTENSION>
            <ATTRIBUTE NAME ="General Options" VALUE =""/>
            <ATTRIBUTE NAME ="Write Backward Compatible Session Log File" VALUE ="NO"/>
            <ATTRIBUTE NAME ="Session Log File Name" VALUE ="ss_m_TS07_DB1_DB1.log"/>
            <ATTRIBUTE NAME ="Session Log File directory" VALUE ="$PMSessionLogDir&#x5c;"/>
            <ATTRIBUTE NAME ="Parameter Filename" VALUE =""/>
            <ATTRIBUTE NAME ="Enable Test Load" VALUE ="NO"/>
            <ATTRIBUTE NAME ="$Source connection value" VALUE =""/>
            <ATTRIBUTE NAME ="$Target connection value" VALUE =""/>
            <ATTRIBUTE NAME ="Treat source rows as" VALUE ="Insert"/>
            <ATTRIBUTE NAME ="Commit Type" VALUE ="Target"/>
            <ATTRIBUTE NAME ="Commit Interval" VALUE ="10000"/>
            <ATTRIBUTE NAME ="Commit On End Of File" VALUE ="YES"/>
            <ATTRIBUTE NAME ="Rollback Transactions on Errors" VALUE ="NO"/>
            <ATTRIBUTE NAME ="Recovery Strategy" VALUE ="Fail task and continue workflow"/>
            <ATTRIBUTE NAME ="Java Classpath" VALUE =""/>
            <ATTRIBUTE NAME ="Performance" VALUE =""/>
            <ATTRIBUTE NAME ="DTM buffer size" VALUE ="24000000"/>
            <ATTRIBUTE NAME ="Collect performance data" VALUE ="NO"/>
            <ATTRIBUTE NAME ="Write performance data to repository" VALUE ="NO"/>
            <ATTRIBUTE NAME ="Incremental Aggregation" VALUE ="NO"/>
            <ATTRIBUTE NAME ="Session retry on deadlock" VALUE ="NO"/>
            <ATTRIBUTE NAME ="Pushdown Optimization" VALUE ="None"/>
            <ATTRIBUTE NAME ="Allow Temporary View for Pushdown" VALUE ="NO"/>
            <ATTRIBUTE NAME ="Allow Temporary Sequence for Pushdown" VALUE ="NO"/>
            <ATTRIBUTE NAME ="Allow Pushdown for User Incompatible Connections" VALUE ="NO"/>
        </SESSION>
        <TASKINSTANCE DESCRIPTION ="" ISENABLED ="YES" NAME ="Start" REUSABLE ="NO" TASKNAME ="Start" TASKTYPE ="Start"/>
        <TASKINSTANCE DESCRIPTION ="" FAIL_PARENT_IF_INSTANCE_DID_NOT_RUN ="NO" FAIL_PARENT_IF_INSTANCE_FAILS ="YES" ISENABLED ="YES" NAME ="ss_m_TS07_DB1_DB1" REUSABLE ="NO" TASKNAME ="ss_m_TS07_DB1_DB1" TASKTYPE ="Session" TREAT_INPUTLINK_AS_AND ="YES"/>
        <WORKFLOWLINK CONDITION ="" FROMTASK ="Start" TOTASK ="ss_m_TS07_DB1_DB1"/>
        <WORKFLOWVARIABLE DATATYPE ="date/time" DEFAULTVALUE ="" DESCRIPTION ="The time this task started" ISNULL ="NO" ISPERSISTENT ="NO" NAME ="$Start.StartTime" USERDEFINED ="NO"/>
        <WORKFLOWVARIABLE DATATYPE ="date/time" DEFAULTVALUE ="" DESCRIPTION ="The time this task completed" ISNULL ="NO" ISPERSISTENT ="NO" NAME ="$Start.EndTime" USERDEFINED ="NO"/>
        <WORKFLOWVARIABLE DATATYPE ="integer" DEFAULTVALUE ="" DESCRIPTION ="Status of this task&apos;s execution" ISNULL ="NO" ISPERSISTENT ="NO" NAME ="$Start.Status" USERDEFINED ="NO"/>
        <WORKFLOWVARIABLE DATATYPE ="integer" DEFAULTVALUE ="" DESCRIPTION ="Status of the previous task that is not disabled" ISNULL ="NO" ISPERSISTENT ="NO" NAME ="$Start.PrevTaskStatus" USERDEFINED ="NO"/>
        <WORKFLOWVARIABLE DATATYPE ="integer" DEFAULTVALUE ="" DESCRIPTION ="Error code for this task&apos;s execution" ISNULL ="NO" ISPERSISTENT ="NO" NAME ="$Start.ErrorCode" USERDEFINED ="NO"/>
        <WORKFLOWVARIABLE DATATYPE ="string" DEFAULTVALUE ="" DESCRIPTION ="Error message for this task&apos;s execution" ISNULL ="NO" ISPERSISTENT ="NO" NAME ="$Start.ErrorMsg" USERDEFINED ="NO"/>
        <WORKFLOWVARIABLE DATATYPE ="date/time" DEFAULTVALUE ="" DESCRIPTION ="The time this task started" ISNULL ="NO" ISPERSISTENT ="NO" NAME ="$ss_m_TS07_DB1_DB1.StartTime" USERDEFINED ="NO"/>
        <WORKFLOWVARIABLE DATATYPE ="date/time" DEFAULTVALUE ="" DESCRIPTION ="The time this task completed" ISNULL ="NO" ISPERSISTENT ="NO" NAME ="$ss_m_TS07_DB1_DB1.EndTime" USERDEFINED ="NO"/>
        <WORKFLOWVARIABLE DATATYPE ="integer" DEFAULTVALUE ="" DESCRIPTION ="Status of this task&apos;s execution" ISNULL ="NO" ISPERSISTENT ="NO" NAME ="$ss_m_TS07_DB1_DB1.Status" USERDEFINED ="NO"/>
        <WORKFLOWVARIABLE DATATYPE ="integer" DEFAULTVALUE ="" DESCRIPTION ="Status of the previous task that is not disabled" ISNULL ="NO" ISPERSISTENT ="NO" NAME ="$ss_m_TS07_DB1_DB1.PrevTaskStatus" USERDEFINED ="NO"/>
        <WORKFLOWVARIABLE DATATYPE ="integer" DEFAULTVALUE ="" DESCRIPTION ="Error code for this task&apos;s execution" ISNULL ="NO" ISPERSISTENT ="NO" NAME ="$ss_m_TS07_DB1_DB1.ErrorCode" USERDEFINED ="NO"/>
        <WORKFLOWVARIABLE DATATYPE ="string" DEFAULTVALUE ="" DESCRIPTION ="Error message for this task&apos;s execution" ISNULL ="NO" ISPERSISTENT ="NO" NAME ="$ss_m_TS07_DB1_DB1.ErrorMsg" USERDEFINED ="NO"/>
        <WORKFLOWVARIABLE DATATYPE ="integer" DEFAULTVALUE ="" DESCRIPTION ="Rows successfully read" ISNULL ="NO" ISPERSISTENT ="NO" NAME ="$ss_m_TS07_DB1_DB1.SrcSuccessRows" USERDEFINED ="NO"/>
        <WORKFLOWVARIABLE DATATYPE ="integer" DEFAULTVALUE ="" DESCRIPTION ="Rows failed to read" ISNULL ="NO" ISPERSISTENT ="NO" NAME ="$ss_m_TS07_DB1_DB1.SrcFailedRows" USERDEFINED ="NO"/>
        <WORKFLOWVARIABLE DATATYPE ="integer" DEFAULTVALUE ="" DESCRIPTION ="Rows successfully loaded" ISNULL ="NO" ISPERSISTENT ="NO" NAME ="$ss_m_TS07_DB1_DB1.TgtSuccessRows" USERDEFINED ="NO"/>
        <WORKFLOWVARIABLE DATATYPE ="integer" DEFAULTVALUE ="" DESCRIPTION ="Rows failed to load" ISNULL ="NO" ISPERSISTENT ="NO" NAME ="$ss_m_TS07_DB1_DB1.TgtFailedRows" USERDEFINED ="NO"/>
        <WORKFLOWVARIABLE DATATYPE ="integer" DEFAULTVALUE ="" DESCRIPTION ="Total number of transformation errors" ISNULL ="NO" ISPERSISTENT ="NO" NAME ="$ss_m_TS07_DB1_DB1.TotalTransErrors" USERDEFINED ="NO"/>
        <WORKFLOWVARIABLE DATATYPE ="integer" DEFAULTVALUE ="" DESCRIPTION ="First error code" ISNULL ="NO" ISPERSISTENT ="NO" NAME ="$ss_m_TS07_DB1_DB1.FirstErrorCode" USERDEFINED ="NO"/>
        <WORKFLOWVARIABLE DATATYPE ="string" DEFAULTVALUE ="" DESCRIPTION ="First error message" ISNULL ="NO" ISPERSISTENT ="NO" NAME ="$ss_m_TS07_DB1_DB1.FirstErrorMsg" USERDEFINED ="NO"/>
        <ATTRIBUTE NAME ="Parameter Filename" VALUE =""/>
        <ATTRIBUTE NAME ="Write Backward Compatible Workflow Log File" VALUE ="NO"/>
        <ATTRIBUTE NAME ="Workflow Log File Name" VALUE ="wfs_m_TS07_DB1_DB1.log"/>
        <ATTRIBUTE NAME ="Workflow Log File Directory" VALUE ="$PMWorkflowLogDir&#x5c;"/>
        <ATTRIBUTE NAME ="Save Workflow log by" VALUE ="By runs"/>
        <ATTRIBUTE NAME ="Save workflow log for these runs" VALUE ="0"/>
        <ATTRIBUTE NAME ="Service Name" VALUE =""/>
        <ATTRIBUTE NAME ="Service Timeout" VALUE ="0"/>
        <ATTRIBUTE NAME ="Is Service Visible" VALUE ="NO"/>
        <ATTRIBUTE NAME ="Is Service Protected" VALUE ="NO"/>
        <ATTRIBUTE NAME ="Enable HA recovery" VALUE ="NO"/>
        <ATTRIBUTE NAME ="Automatically recover terminated tasks" VALUE ="NO"/>
        <ATTRIBUTE NAME ="Service Level Name" VALUE ="Default"/>
        <ATTRIBUTE NAME ="Allow concurrent run with unique run instance name" VALUE ="NO"/>
        <ATTRIBUTE NAME ="Allow concurrent run with same run instance name" VALUE ="NO"/>
        <ATTRIBUTE NAME ="Maximum number of concurrent runs" VALUE ="0"/>
        <ATTRIBUTE NAME ="Assigned Web Services Hubs" VALUE =""/>
        <ATTRIBUTE NAME ="Maximum number of concurrent runs per Hub" VALUE ="1000"/>
        <ATTRIBUTE NAME ="Expected Service Time" VALUE ="1"/>
    </WORKFLOW>
</FOLDER>
</REPOSITORY>
</POWERMART>