<?xml version="1.0" encoding="Windows-1252"?>
<!DOCTYPE POWERMART SYSTEM "powrmart.dtd">
<POWERMART CREATION_DATE="06/01/2018 09:46:13" REPOSITORY_VERSION="181.90">
<REPOSITORY NAME="Support" VERSION="181" CODEPAGE="MS1252" DATABASETYPE="Microsoft SQL Server">
<FOLDER NAME="TS06" GROUP="" OWNER="Administrator" SHARED="NOTSHARED" DESCRIPTION="" PERMISSIONS="rwx---r--" UUID="6fe5efee-3342-4f4c-8727-dab04b523030">
    <SOURCE BUSINESSNAME ="" DATABASETYPE ="Teradata" DBDNAME ="tduser" DESCRIPTION ="" NAME ="TS06_EMPLOYEE" OBJECTVERSION ="1" OWNERNAME ="TS06" VERSIONNUMBER ="1">
        <SOURCEFIELD BUSINESSNAME ="" DATATYPE ="varchar" DESCRIPTION ="" FIELDNUMBER ="1" FIELDPROPERTY ="0" FIELDTYPE ="ELEMITEM" HIDDEN ="NO" KEYTYPE ="NOT A KEY" LENGTH ="0" LEVEL ="0" NAME ="EmpName" NULLABLE ="NULL" OCCURS ="0" OFFSET ="0" PHYSICALLENGTH ="20" PHYSICALOFFSET ="0" PICTURETEXT ="" PRECISION ="20" SCALE ="0" USAGE_FLAGS =""/>
        <SOURCEFIELD BUSINESSNAME ="" DATATYPE ="integer" DESCRIPTION ="" FIELDNUMBER ="2" FIELDPROPERTY ="0" FIELDTYPE ="ELEMITEM" HIDDEN ="NO" KEYTYPE ="NOT A KEY" LENGTH ="11" LEVEL ="0" NAME ="EmpNo" NULLABLE ="NULL" OCCURS ="0" OFFSET ="0" PHYSICALLENGTH ="10" PHYSICALOFFSET ="20" PICTURETEXT ="" PRECISION ="10" SCALE ="0" USAGE_FLAGS =""/>
        <SOURCEFIELD BUSINESSNAME ="" DATATYPE ="integer" DESCRIPTION ="" FIELDNUMBER ="3" FIELDPROPERTY ="0" FIELDTYPE ="ELEMITEM" HIDDEN ="NO" KEYTYPE ="NOT A KEY" LENGTH ="11" LEVEL ="0" NAME ="Deptno" NULLABLE ="NULL" OCCURS ="0" OFFSET ="11" PHYSICALLENGTH ="10" PHYSICALOFFSET ="30" PICTURETEXT ="" PRECISION ="10" SCALE ="0" USAGE_FLAGS =""/>
        <SOURCEFIELD BUSINESSNAME ="" DATATYPE ="integer" DESCRIPTION ="" FIELDNUMBER ="4" FIELDPROPERTY ="0" FIELDTYPE ="ELEMITEM" HIDDEN ="NO" KEYTYPE ="NOT A KEY" LENGTH ="11" LEVEL ="0" NAME ="bonus" NULLABLE ="NULL" OCCURS ="0" OFFSET ="22" PHYSICALLENGTH ="10" PHYSICALOFFSET ="40" PICTURETEXT ="" PRECISION ="10" SCALE ="0" USAGE_FLAGS =""/>
    </SOURCE>
    <TARGET BUSINESSNAME ="" CONSTRAINT ="" DATABASETYPE ="Teradata" DESCRIPTION ="" NAME ="TS06_TGT_EMPLOYEEDEF" OBJECTVERSION ="1" TABLEOPTIONS ="" VERSIONNUMBER ="1">
        <TARGETFIELD BUSINESSNAME ="" DATATYPE ="varchar" DESCRIPTION ="" FIELDNUMBER ="1" KEYTYPE ="NOT A KEY" NAME ="empname" NULLABLE ="NULL" PICTURETEXT ="" PRECISION ="20" SCALE ="0"/>
        <TARGETFIELD BUSINESSNAME ="" DATATYPE ="integer" DESCRIPTION ="" FIELDNUMBER ="2" KEYTYPE ="NOT A KEY" NAME ="empno" NULLABLE ="NULL" PICTURETEXT ="" PRECISION ="10" SCALE ="0"/>
        <TARGETFIELD BUSINESSNAME ="" DATATYPE ="integer" DESCRIPTION ="" FIELDNUMBER ="3" KEYTYPE ="NOT A KEY" NAME ="deptno" NULLABLE ="NULL" PICTURETEXT ="" PRECISION ="10" SCALE ="0"/>
        <TARGETFIELD BUSINESSNAME ="" DATATYPE ="integer" DESCRIPTION ="" FIELDNUMBER ="4" KEYTYPE ="NOT A KEY" NAME ="bonus" NULLABLE ="NULL" PICTURETEXT ="" PRECISION ="10" SCALE ="0"/>
        <TARGETFIELD BUSINESSNAME ="" DATATYPE ="integer" DESCRIPTION ="" FIELDNUMBER ="5" KEYTYPE ="NOT A KEY" NAME ="tot_sal" NULLABLE ="NULL" PICTURETEXT ="" PRECISION ="10" SCALE ="0"/>
    </TARGET>
    <TARGET BUSINESSNAME ="" CONSTRAINT ="" DATABASETYPE ="Teradata" DESCRIPTION ="" NAME ="TS06_TGT_DEPT30" OBJECTVERSION ="1" TABLEOPTIONS ="" VERSIONNUMBER ="1">
        <TARGETFIELD BUSINESSNAME ="" DATATYPE ="varchar" DESCRIPTION ="" FIELDNUMBER ="1" KEYTYPE ="NOT A KEY" NAME ="empname" NULLABLE ="NULL" PICTURETEXT ="" PRECISION ="20" SCALE ="0"/>
        <TARGETFIELD BUSINESSNAME ="" DATATYPE ="integer" DESCRIPTION ="" FIELDNUMBER ="2" KEYTYPE ="NOT A KEY" NAME ="empno" NULLABLE ="NULL" PICTURETEXT ="" PRECISION ="10" SCALE ="0"/>
        <TARGETFIELD BUSINESSNAME ="" DATATYPE ="integer" DESCRIPTION ="" FIELDNUMBER ="3" KEYTYPE ="NOT A KEY" NAME ="deptno" NULLABLE ="NULL" PICTURETEXT ="" PRECISION ="10" SCALE ="0"/>
        <TARGETFIELD BUSINESSNAME ="" DATATYPE ="integer" DESCRIPTION ="" FIELDNUMBER ="4" KEYTYPE ="NOT A KEY" NAME ="bonus" NULLABLE ="NULL" PICTURETEXT ="" PRECISION ="10" SCALE ="0"/>
        <TARGETFIELD BUSINESSNAME ="" DATATYPE ="integer" DESCRIPTION ="" FIELDNUMBER ="5" KEYTYPE ="NOT A KEY" NAME ="tot_sal" NULLABLE ="NULL" PICTURETEXT ="" PRECISION ="10" SCALE ="0"/>
    </TARGET>
    <TARGET BUSINESSNAME ="" CONSTRAINT ="" DATABASETYPE ="Teradata" DESCRIPTION ="" NAME ="TS06_TGT_DEPT20" OBJECTVERSION ="1" TABLEOPTIONS ="" VERSIONNUMBER ="1">
        <TARGETFIELD BUSINESSNAME ="" DATATYPE ="varchar" DESCRIPTION ="" FIELDNUMBER ="1" KEYTYPE ="NOT A KEY" NAME ="empname" NULLABLE ="NULL" PICTURETEXT ="" PRECISION ="20" SCALE ="0"/>
        <TARGETFIELD BUSINESSNAME ="" DATATYPE ="integer" DESCRIPTION ="" FIELDNUMBER ="2" KEYTYPE ="NOT A KEY" NAME ="empno" NULLABLE ="NULL" PICTURETEXT ="" PRECISION ="10" SCALE ="0"/>
        <TARGETFIELD BUSINESSNAME ="" DATATYPE ="integer" DESCRIPTION ="" FIELDNUMBER ="3" KEYTYPE ="NOT A KEY" NAME ="deptno" NULLABLE ="NULL" PICTURETEXT ="" PRECISION ="10" SCALE ="0"/>
        <TARGETFIELD BUSINESSNAME ="" DATATYPE ="integer" DESCRIPTION ="" FIELDNUMBER ="4" KEYTYPE ="NOT A KEY" NAME ="bonus" NULLABLE ="NULL" PICTURETEXT ="" PRECISION ="10" SCALE ="0"/>
        <TARGETFIELD BUSINESSNAME ="" DATATYPE ="integer" DESCRIPTION ="" FIELDNUMBER ="5" KEYTYPE ="NOT A KEY" NAME ="tot_sal" NULLABLE ="NULL" PICTURETEXT ="" PRECISION ="10" SCALE ="0"/>
    </TARGET>
    <TARGET BUSINESSNAME ="" CONSTRAINT ="" DATABASETYPE ="Teradata" DESCRIPTION ="" NAME ="TS06_TGT_DEPT10" OBJECTVERSION ="1" TABLEOPTIONS ="" VERSIONNUMBER ="1">
        <TARGETFIELD BUSINESSNAME ="" DATATYPE ="varchar" DESCRIPTION ="" FIELDNUMBER ="1" KEYTYPE ="NOT A KEY" NAME ="empname" NULLABLE ="NULL" PICTURETEXT ="" PRECISION ="20" SCALE ="0"/>
        <TARGETFIELD BUSINESSNAME ="" DATATYPE ="integer" DESCRIPTION ="" FIELDNUMBER ="2" KEYTYPE ="NOT A KEY" NAME ="empno" NULLABLE ="NULL" PICTURETEXT ="" PRECISION ="10" SCALE ="0"/>
        <TARGETFIELD BUSINESSNAME ="" DATATYPE ="integer" DESCRIPTION ="" FIELDNUMBER ="3" KEYTYPE ="NOT A KEY" NAME ="deptno" NULLABLE ="NULL" PICTURETEXT ="" PRECISION ="10" SCALE ="0"/>
        <TARGETFIELD BUSINESSNAME ="" DATATYPE ="integer" DESCRIPTION ="" FIELDNUMBER ="4" KEYTYPE ="NOT A KEY" NAME ="bonus" NULLABLE ="NULL" PICTURETEXT ="" PRECISION ="10" SCALE ="0"/>
        <TARGETFIELD BUSINESSNAME ="" DATATYPE ="integer" DESCRIPTION ="" FIELDNUMBER ="5" KEYTYPE ="NOT A KEY" NAME ="tot_sal" NULLABLE ="NULL" PICTURETEXT ="" PRECISION ="10" SCALE ="0"/>
    </TARGET>
    <MAPPING DESCRIPTION ="" ISVALID ="YES" NAME ="m_TS06_DB1_DB1" OBJECTVERSION ="1" VERSIONNUMBER ="1">
        <TRANSFORMATION DESCRIPTION ="" NAME ="SQ_employee" OBJECTVERSION ="1" REUSABLE ="NO" TYPE ="Source Qualifier" VERSIONNUMBER ="1">
            <TRANSFORMFIELD DATATYPE ="string" DEFAULTVALUE ="" DESCRIPTION ="" NAME ="EmpName" PICTURETEXT ="" PORTTYPE ="INPUT/OUTPUT" PRECISION ="20" SCALE ="0"/>
            <TRANSFORMFIELD DATATYPE ="integer" DEFAULTVALUE ="" DESCRIPTION ="" NAME ="EmpNo" PICTURETEXT ="" PORTTYPE ="INPUT/OUTPUT" PRECISION ="10" SCALE ="0"/>
            <TRANSFORMFIELD DATATYPE ="integer" DEFAULTVALUE ="" DESCRIPTION ="" NAME ="Deptno" PICTURETEXT ="" PORTTYPE ="INPUT/OUTPUT" PRECISION ="10" SCALE ="0"/>
            <TRANSFORMFIELD DATATYPE ="integer" DEFAULTVALUE ="" DESCRIPTION ="" NAME ="bonus" PICTURETEXT ="" PORTTYPE ="INPUT/OUTPUT" PRECISION ="10" SCALE ="0"/>
            <TABLEATTRIBUTE NAME ="Sql Query" VALUE =""/>
            <TABLEATTRIBUTE NAME ="User Defined Join" VALUE =""/>
            <TABLEATTRIBUTE NAME ="Source Filter" VALUE =""/>
            <TABLEATTRIBUTE NAME ="Number Of Sorted Ports" VALUE ="0"/>
            <TABLEATTRIBUTE NAME ="Tracing Level" VALUE ="Normal"/>
            <TABLEATTRIBUTE NAME ="Select Distinct" VALUE ="NO"/>
            <TABLEATTRIBUTE NAME ="Is Partitionable" VALUE ="NO"/>
            <TABLEATTRIBUTE NAME ="Pre SQL" VALUE =""/>
            <TABLEATTRIBUTE NAME ="Post SQL" VALUE =""/>
            <TABLEATTRIBUTE NAME ="Output is deterministic" VALUE ="NO"/>
            <TABLEATTRIBUTE NAME ="Output is repeatable" VALUE ="Never"/>
        </TRANSFORMATION>
        <TRANSFORMATION DESCRIPTION ="" NAME ="EXP_LOAD" OBJECTVERSION ="1" REUSABLE ="NO" TYPE ="Expression" VERSIONNUMBER ="1">
            <TRANSFORMFIELD DATATYPE ="string" DEFAULTVALUE ="" DESCRIPTION ="" EXPRESSION ="EmpName" EXPRESSIONTYPE ="GENERAL" NAME ="EmpName" PICTURETEXT ="" PORTTYPE ="INPUT/OUTPUT" PRECISION ="20" SCALE ="0"/>
            <TRANSFORMFIELD DATATYPE ="integer" DEFAULTVALUE ="" DESCRIPTION ="" EXPRESSION ="EmpNo" EXPRESSIONTYPE ="GENERAL" NAME ="EmpNo" PICTURETEXT ="" PORTTYPE ="INPUT/OUTPUT" PRECISION ="10" SCALE ="0"/>
            <TRANSFORMFIELD DATATYPE ="integer" DEFAULTVALUE ="" DESCRIPTION ="" EXPRESSION ="Deptno" EXPRESSIONTYPE ="GENERAL" NAME ="Deptno" PICTURETEXT ="" PORTTYPE ="INPUT/OUTPUT" PRECISION ="10" SCALE ="0"/>
            <TRANSFORMFIELD DATATYPE ="integer" DEFAULTVALUE ="" DESCRIPTION ="" EXPRESSION ="bonus" EXPRESSIONTYPE ="GENERAL" NAME ="bonus" PICTURETEXT ="" PORTTYPE ="INPUT/OUTPUT" PRECISION ="10" SCALE ="0"/>
            <TRANSFORMFIELD DATATYPE ="integer" DEFAULTVALUE ="" DESCRIPTION ="" EXPRESSION ="bonus*2.5" EXPRESSIONTYPE ="GENERAL" NAME ="salary" PICTURETEXT ="" PORTTYPE ="LOCAL VARIABLE" PRECISION ="10" SCALE ="0"/>
            <TRANSFORMFIELD DATATYPE ="integer" DEFAULTVALUE ="ERROR(&apos;transformation error&apos;)" DESCRIPTION ="" EXPRESSION ="bonus+salary" EXPRESSIONTYPE ="GENERAL" NAME ="tot_sal" PICTURETEXT ="" PORTTYPE ="OUTPUT" PRECISION ="10" SCALE ="0"/>
            <TABLEATTRIBUTE NAME ="Tracing Level" VALUE ="Normal"/>
        </TRANSFORMATION>
        <TRANSFORMATION DESCRIPTION ="" NAME ="RTR_LOAD" OBJECTVERSION ="1" REUSABLE ="NO" TYPE ="Router" VERSIONNUMBER ="1">
            <GROUP DESCRIPTION ="" NAME ="INPUT" ORDER ="1" TYPE ="INPUT"/>
            <GROUP DESCRIPTION ="" EXPRESSION ="Deptno=10" NAME ="deptno10" ORDER ="2" TYPE ="OUTPUT"/>
            <GROUP DESCRIPTION ="Path for the data when none of the group conditions are satisfied." NAME ="DEFAULT1" ORDER ="5" TYPE ="OUTPUT/DEFAULT"/>
            <GROUP DESCRIPTION ="" EXPRESSION ="Deptno=20" NAME ="deptno20" ORDER ="3" TYPE ="OUTPUT"/>
            <GROUP DESCRIPTION ="" EXPRESSION ="Deptno=30" NAME ="deptno30" ORDER ="4" TYPE ="OUTPUT"/>
            <TRANSFORMFIELD DATATYPE ="string" DEFAULTVALUE ="" DESCRIPTION ="" GROUP ="INPUT" NAME ="EmpName" PICTURETEXT ="" PORTTYPE ="INPUT" PRECISION ="20" SCALE ="0"/>
            <TRANSFORMFIELD DATATYPE ="integer" DEFAULTVALUE ="" DESCRIPTION ="" GROUP ="INPUT" NAME ="EmpNo" PICTURETEXT ="" PORTTYPE ="INPUT" PRECISION ="10" SCALE ="0"/>
            <TRANSFORMFIELD DATATYPE ="integer" DEFAULTVALUE ="" DESCRIPTION ="" GROUP ="INPUT" NAME ="Deptno" PICTURETEXT ="" PORTTYPE ="INPUT" PRECISION ="10" SCALE ="0"/>
            <TRANSFORMFIELD DATATYPE ="integer" DEFAULTVALUE ="" DESCRIPTION ="" GROUP ="INPUT" NAME ="bonus" PICTURETEXT ="" PORTTYPE ="INPUT" PRECISION ="10" SCALE ="0"/>
            <TRANSFORMFIELD DATATYPE ="integer" DEFAULTVALUE ="" DESCRIPTION ="" GROUP ="INPUT" NAME ="tot_sal" PICTURETEXT ="" PORTTYPE ="INPUT" PRECISION ="10" SCALE ="0"/>
            <TRANSFORMFIELD DATATYPE ="string" DEFAULTVALUE ="" DESCRIPTION ="" GROUP ="deptno10" NAME ="EmpName1" PICTURETEXT ="" PORTTYPE ="OUTPUT" PRECISION ="20" REF_FIELD ="EmpName" SCALE ="0"/>
            <TRANSFORMFIELD DATATYPE ="integer" DEFAULTVALUE ="" DESCRIPTION ="" GROUP ="deptno10" NAME ="EmpNo1" PICTURETEXT ="" PORTTYPE ="OUTPUT" PRECISION ="10" REF_FIELD ="EmpNo" SCALE ="0"/>
            <TRANSFORMFIELD DATATYPE ="integer" DEFAULTVALUE ="" DESCRIPTION ="" GROUP ="deptno10" NAME ="Deptno1" PICTURETEXT ="" PORTTYPE ="OUTPUT" PRECISION ="10" REF_FIELD ="Deptno" SCALE ="0"/>
            <TRANSFORMFIELD DATATYPE ="integer" DEFAULTVALUE ="" DESCRIPTION ="" GROUP ="deptno10" NAME ="bonus1" PICTURETEXT ="" PORTTYPE ="OUTPUT" PRECISION ="10" REF_FIELD ="bonus" SCALE ="0"/>
            <TRANSFORMFIELD DATATYPE ="integer" DEFAULTVALUE ="" DESCRIPTION ="" GROUP ="deptno10" NAME ="tot_sal1" PICTURETEXT ="" PORTTYPE ="OUTPUT" PRECISION ="10" REF_FIELD ="tot_sal" SCALE ="0"/>
            <TRANSFORMFIELD DATATYPE ="string" DEFAULTVALUE ="" DESCRIPTION ="" GROUP ="deptno20" NAME ="EmpName3" PICTURETEXT ="" PORTTYPE ="OUTPUT" PRECISION ="20" REF_FIELD ="EmpName" SCALE ="0"/>
            <TRANSFORMFIELD DATATYPE ="integer" DEFAULTVALUE ="" DESCRIPTION ="" GROUP ="deptno20" NAME ="EmpNo3" PICTURETEXT ="" PORTTYPE ="OUTPUT" PRECISION ="10" REF_FIELD ="EmpNo" SCALE ="0"/>
            <TRANSFORMFIELD DATATYPE ="integer" DEFAULTVALUE ="" DESCRIPTION ="" GROUP ="deptno20" NAME ="Deptno3" PICTURETEXT ="" PORTTYPE ="OUTPUT" PRECISION ="10" REF_FIELD ="Deptno" SCALE ="0"/>
            <TRANSFORMFIELD DATATYPE ="integer" DEFAULTVALUE ="" DESCRIPTION ="" GROUP ="deptno20" NAME ="bonus3" PICTURETEXT ="" PORTTYPE ="OUTPUT" PRECISION ="10" REF_FIELD ="bonus" SCALE ="0"/>
            <TRANSFORMFIELD DATATYPE ="integer" DEFAULTVALUE ="" DESCRIPTION ="" GROUP ="deptno20" NAME ="tot_sal3" PICTURETEXT ="" PORTTYPE ="OUTPUT" PRECISION ="10" REF_FIELD ="tot_sal" SCALE ="0"/>
            <TRANSFORMFIELD DATATYPE ="string" DEFAULTVALUE ="" DESCRIPTION ="" GROUP ="deptno30" NAME ="EmpName4" PICTURETEXT ="" PORTTYPE ="OUTPUT" PRECISION ="20" REF_FIELD ="EmpName" SCALE ="0"/>
            <TRANSFORMFIELD DATATYPE ="integer" DEFAULTVALUE ="" DESCRIPTION ="" GROUP ="deptno30" NAME ="EmpNo4" PICTURETEXT ="" PORTTYPE ="OUTPUT" PRECISION ="10" REF_FIELD ="EmpNo" SCALE ="0"/>
            <TRANSFORMFIELD DATATYPE ="integer" DEFAULTVALUE ="" DESCRIPTION ="" GROUP ="deptno30" NAME ="Deptno4" PICTURETEXT ="" PORTTYPE ="OUTPUT" PRECISION ="10" REF_FIELD ="Deptno" SCALE ="0"/>
            <TRANSFORMFIELD DATATYPE ="integer" DEFAULTVALUE ="" DESCRIPTION ="" GROUP ="deptno30" NAME ="bonus4" PICTURETEXT ="" PORTTYPE ="OUTPUT" PRECISION ="10" REF_FIELD ="bonus" SCALE ="0"/>
            <TRANSFORMFIELD DATATYPE ="integer" DEFAULTVALUE ="" DESCRIPTION ="" GROUP ="deptno30" NAME ="tot_sal4" PICTURETEXT ="" PORTTYPE ="OUTPUT" PRECISION ="10" REF_FIELD ="tot_sal" SCALE ="0"/>
            <TRANSFORMFIELD DATATYPE ="string" DEFAULTVALUE ="" DESCRIPTION ="" GROUP ="DEFAULT1" NAME ="EmpName2" PICTURETEXT ="" PORTTYPE ="OUTPUT" PRECISION ="20" REF_FIELD ="EmpName" SCALE ="0"/>
            <TRANSFORMFIELD DATATYPE ="integer" DEFAULTVALUE ="" DESCRIPTION ="" GROUP ="DEFAULT1" NAME ="EmpNo2" PICTURETEXT ="" PORTTYPE ="OUTPUT" PRECISION ="10" REF_FIELD ="EmpNo" SCALE ="0"/>
            <TRANSFORMFIELD DATATYPE ="integer" DEFAULTVALUE ="" DESCRIPTION ="" GROUP ="DEFAULT1" NAME ="Deptno2" PICTURETEXT ="" PORTTYPE ="OUTPUT" PRECISION ="10" REF_FIELD ="Deptno" SCALE ="0"/>
            <TRANSFORMFIELD DATATYPE ="integer" DEFAULTVALUE ="" DESCRIPTION ="" GROUP ="DEFAULT1" NAME ="bonus2" PICTURETEXT ="" PORTTYPE ="OUTPUT" PRECISION ="10" REF_FIELD ="bonus" SCALE ="0"/>
            <TRANSFORMFIELD DATATYPE ="integer" DEFAULTVALUE ="" DESCRIPTION ="" GROUP ="DEFAULT1" NAME ="tot_sal2" PICTURETEXT ="" PORTTYPE ="OUTPUT" PRECISION ="10" REF_FIELD ="tot_sal" SCALE ="0"/>
            <TABLEATTRIBUTE NAME ="Tracing Level" VALUE ="Normal"/>
        </TRANSFORMATION>
        <INSTANCE DESCRIPTION ="" INSTANCEID ="5" NAME ="TS06_TGT_DEPT10" TRANSFORMATION_NAME ="TS06_TGT_DEPT10" TRANSFORMATION_TYPE ="Target Definition" TYPE ="TARGET"/>
        <INSTANCE DESCRIPTION ="" INSTANCEID ="6" NAME ="TS06_TGT_DEPT20" TRANSFORMATION_NAME ="TS06_TGT_DEPT20" TRANSFORMATION_TYPE ="Target Definition" TYPE ="TARGET"/>
        <INSTANCE DESCRIPTION ="" INSTANCEID ="7" NAME ="TS06_TGT_DEPT30" TRANSFORMATION_NAME ="TS06_TGT_DEPT30" TRANSFORMATION_TYPE ="Target Definition" TYPE ="TARGET"/>
        <INSTANCE DESCRIPTION ="" INSTANCEID ="8" NAME ="TS06_TGT_EMPLOYEEDEF" TRANSFORMATION_NAME ="TS06_TGT_EMPLOYEEDEF" TRANSFORMATION_TYPE ="Target Definition" TYPE ="TARGET"/>
        <INSTANCE DBDNAME ="tduser" DESCRIPTION ="" INSTANCEID ="1" NAME ="TS06_EMPLOYEE" TRANSFORMATION_NAME ="TS06_EMPLOYEE" TRANSFORMATION_TYPE ="Source Definition" TYPE ="SOURCE"/>
        <INSTANCE DESCRIPTION ="" INSTANCEID ="2" NAME ="SQ_employee" REUSABLE ="NO" TRANSFORMATION_NAME ="SQ_employee" TRANSFORMATION_TYPE ="Source Qualifier" TYPE ="TRANSFORMATION">
            <ASSOCIATED_SOURCE_INSTANCE NAME ="TS06_EMPLOYEE"/>
        </INSTANCE>
        <INSTANCE DESCRIPTION ="" INSTANCEID ="3" NAME ="EXP_LOAD" REUSABLE ="NO" TRANSFORMATION_NAME ="EXP_LOAD" TRANSFORMATION_TYPE ="Expression" TYPE ="TRANSFORMATION"/>
        <INSTANCE DESCRIPTION ="" INSTANCEID ="4" NAME ="RTR_LOAD" REUSABLE ="NO" TRANSFORMATION_NAME ="RTR_LOAD" TRANSFORMATION_TYPE ="Router" TYPE ="TRANSFORMATION"/>
        <CONNECTOR FROMFIELD ="EmpName1" FROMINSTANCE ="RTR_LOAD" FROMINSTANCETYPE ="Router" TOFIELD ="empname" TOINSTANCE ="TS06_TGT_DEPT10" TOINSTANCETYPE ="Target Definition"/>
        <CONNECTOR FROMFIELD ="EmpNo1" FROMINSTANCE ="RTR_LOAD" FROMINSTANCETYPE ="Router" TOFIELD ="empno" TOINSTANCE ="TS06_TGT_DEPT10" TOINSTANCETYPE ="Target Definition"/>
        <CONNECTOR FROMFIELD ="Deptno1" FROMINSTANCE ="RTR_LOAD" FROMINSTANCETYPE ="Router" TOFIELD ="deptno" TOINSTANCE ="TS06_TGT_DEPT10" TOINSTANCETYPE ="Target Definition"/>
        <CONNECTOR FROMFIELD ="bonus1" FROMINSTANCE ="RTR_LOAD" FROMINSTANCETYPE ="Router" TOFIELD ="bonus" TOINSTANCE ="TS06_TGT_DEPT10" TOINSTANCETYPE ="Target Definition"/>
        <CONNECTOR FROMFIELD ="tot_sal1" FROMINSTANCE ="RTR_LOAD" FROMINSTANCETYPE ="Router" TOFIELD ="tot_sal" TOINSTANCE ="TS06_TGT_DEPT10" TOINSTANCETYPE ="Target Definition"/>
        <CONNECTOR FROMFIELD ="EmpName3" FROMINSTANCE ="RTR_LOAD" FROMINSTANCETYPE ="Router" TOFIELD ="empname" TOINSTANCE ="TS06_TGT_DEPT20" TOINSTANCETYPE ="Target Definition"/>
        <CONNECTOR FROMFIELD ="EmpNo3" FROMINSTANCE ="RTR_LOAD" FROMINSTANCETYPE ="Router" TOFIELD ="empno" TOINSTANCE ="TS06_TGT_DEPT20" TOINSTANCETYPE ="Target Definition"/>
        <CONNECTOR FROMFIELD ="Deptno3" FROMINSTANCE ="RTR_LOAD" FROMINSTANCETYPE ="Router" TOFIELD ="deptno" TOINSTANCE ="TS06_TGT_DEPT20" TOINSTANCETYPE ="Target Definition"/>
        <CONNECTOR FROMFIELD ="bonus3" FROMINSTANCE ="RTR_LOAD" FROMINSTANCETYPE ="Router" TOFIELD ="bonus" TOINSTANCE ="TS06_TGT_DEPT20" TOINSTANCETYPE ="Target Definition"/>
        <CONNECTOR FROMFIELD ="tot_sal3" FROMINSTANCE ="RTR_LOAD" FROMINSTANCETYPE ="Router" TOFIELD ="tot_sal" TOINSTANCE ="TS06_TGT_DEPT20" TOINSTANCETYPE ="Target Definition"/>
        <CONNECTOR FROMFIELD ="EmpName4" FROMINSTANCE ="RTR_LOAD" FROMINSTANCETYPE ="Router" TOFIELD ="empname" TOINSTANCE ="TS06_TGT_DEPT30" TOINSTANCETYPE ="Target Definition"/>
        <CONNECTOR FROMFIELD ="EmpNo4" FROMINSTANCE ="RTR_LOAD" FROMINSTANCETYPE ="Router" TOFIELD ="empno" TOINSTANCE ="TS06_TGT_DEPT30" TOINSTANCETYPE ="Target Definition"/>
        <CONNECTOR FROMFIELD ="Deptno4" FROMINSTANCE ="RTR_LOAD" FROMINSTANCETYPE ="Router" TOFIELD ="deptno" TOINSTANCE ="TS06_TGT_DEPT30" TOINSTANCETYPE ="Target Definition"/>
        <CONNECTOR FROMFIELD ="bonus4" FROMINSTANCE ="RTR_LOAD" FROMINSTANCETYPE ="Router" TOFIELD ="bonus" TOINSTANCE ="TS06_TGT_DEPT30" TOINSTANCETYPE ="Target Definition"/>
        <CONNECTOR FROMFIELD ="tot_sal4" FROMINSTANCE ="RTR_LOAD" FROMINSTANCETYPE ="Router" TOFIELD ="tot_sal" TOINSTANCE ="TS06_TGT_DEPT30" TOINSTANCETYPE ="Target Definition"/>
        <CONNECTOR FROMFIELD ="EmpName2" FROMINSTANCE ="RTR_LOAD" FROMINSTANCETYPE ="Router" TOFIELD ="empname" TOINSTANCE ="TS06_TGT_EMPLOYEEDEF" TOINSTANCETYPE ="Target Definition"/>
        <CONNECTOR FROMFIELD ="EmpNo2" FROMINSTANCE ="RTR_LOAD" FROMINSTANCETYPE ="Router" TOFIELD ="empno" TOINSTANCE ="TS06_TGT_EMPLOYEEDEF" TOINSTANCETYPE ="Target Definition"/>
        <CONNECTOR FROMFIELD ="Deptno2" FROMINSTANCE ="RTR_LOAD" FROMINSTANCETYPE ="Router" TOFIELD ="deptno" TOINSTANCE ="TS06_TGT_EMPLOYEEDEF" TOINSTANCETYPE ="Target Definition"/>
        <CONNECTOR FROMFIELD ="bonus2" FROMINSTANCE ="RTR_LOAD" FROMINSTANCETYPE ="Router" TOFIELD ="bonus" TOINSTANCE ="TS06_TGT_EMPLOYEEDEF" TOINSTANCETYPE ="Target Definition"/>
        <CONNECTOR FROMFIELD ="tot_sal2" FROMINSTANCE ="RTR_LOAD" FROMINSTANCETYPE ="Router" TOFIELD ="tot_sal" TOINSTANCE ="TS06_TGT_EMPLOYEEDEF" TOINSTANCETYPE ="Target Definition"/>
        <CONNECTOR FROMFIELD ="EmpName" FROMINSTANCE ="TS06_EMPLOYEE" FROMINSTANCETYPE ="Source Definition" TOFIELD ="EmpName" TOINSTANCE ="SQ_employee" TOINSTANCETYPE ="Source Qualifier"/>
        <CONNECTOR FROMFIELD ="EmpNo" FROMINSTANCE ="TS06_EMPLOYEE" FROMINSTANCETYPE ="Source Definition" TOFIELD ="EmpNo" TOINSTANCE ="SQ_employee" TOINSTANCETYPE ="Source Qualifier"/>
        <CONNECTOR FROMFIELD ="Deptno" FROMINSTANCE ="TS06_EMPLOYEE" FROMINSTANCETYPE ="Source Definition" TOFIELD ="Deptno" TOINSTANCE ="SQ_employee" TOINSTANCETYPE ="Source Qualifier"/>
        <CONNECTOR FROMFIELD ="bonus" FROMINSTANCE ="TS06_EMPLOYEE" FROMINSTANCETYPE ="Source Definition" TOFIELD ="bonus" TOINSTANCE ="SQ_employee" TOINSTANCETYPE ="Source Qualifier"/>
        <CONNECTOR FROMFIELD ="EmpName" FROMINSTANCE ="SQ_employee" FROMINSTANCETYPE ="Source Qualifier" TOFIELD ="EmpName" TOINSTANCE ="EXP_LOAD" TOINSTANCETYPE ="Expression"/>
        <CONNECTOR FROMFIELD ="EmpNo" FROMINSTANCE ="SQ_employee" FROMINSTANCETYPE ="Source Qualifier" TOFIELD ="EmpNo" TOINSTANCE ="EXP_LOAD" TOINSTANCETYPE ="Expression"/>
        <CONNECTOR FROMFIELD ="Deptno" FROMINSTANCE ="SQ_employee" FROMINSTANCETYPE ="Source Qualifier" TOFIELD ="Deptno" TOINSTANCE ="EXP_LOAD" TOINSTANCETYPE ="Expression"/>
        <CONNECTOR FROMFIELD ="bonus" FROMINSTANCE ="SQ_employee" FROMINSTANCETYPE ="Source Qualifier" TOFIELD ="bonus" TOINSTANCE ="EXP_LOAD" TOINSTANCETYPE ="Expression"/>
        <CONNECTOR FROMFIELD ="EmpName" FROMINSTANCE ="EXP_LOAD" FROMINSTANCETYPE ="Expression" TOFIELD ="EmpName" TOINSTANCE ="RTR_LOAD" TOINSTANCETYPE ="Router"/>
        <CONNECTOR FROMFIELD ="EmpNo" FROMINSTANCE ="EXP_LOAD" FROMINSTANCETYPE ="Expression" TOFIELD ="EmpNo" TOINSTANCE ="RTR_LOAD" TOINSTANCETYPE ="Router"/>
        <CONNECTOR FROMFIELD ="Deptno" FROMINSTANCE ="EXP_LOAD" FROMINSTANCETYPE ="Expression" TOFIELD ="Deptno" TOINSTANCE ="RTR_LOAD" TOINSTANCETYPE ="Router"/>
        <CONNECTOR FROMFIELD ="bonus" FROMINSTANCE ="EXP_LOAD" FROMINSTANCETYPE ="Expression" TOFIELD ="bonus" TOINSTANCE ="RTR_LOAD" TOINSTANCETYPE ="Router"/>
        <CONNECTOR FROMFIELD ="tot_sal" FROMINSTANCE ="EXP_LOAD" FROMINSTANCETYPE ="Expression" TOFIELD ="tot_sal" TOINSTANCE ="RTR_LOAD" TOINSTANCETYPE ="Router"/>
        <TARGETLOADORDER ORDER ="1" TARGETINSTANCE ="TS06_TGT_DEPT10"/>
        <TARGETLOADORDER ORDER ="1" TARGETINSTANCE ="TS06_TGT_DEPT20"/>
        <TARGETLOADORDER ORDER ="1" TARGETINSTANCE ="TS06_TGT_DEPT30"/>
        <TARGETLOADORDER ORDER ="1" TARGETINSTANCE ="TS06_TGT_EMPLOYEEDEF"/>
        <ERPINFO/>
    </MAPPING>
    <CONFIG DESCRIPTION ="Default session configuration object" ISDEFAULT ="YES" NAME ="default_session_config" VERSIONNUMBER ="1">
        <ATTRIBUTE NAME ="Advanced" VALUE =""/>
        <ATTRIBUTE NAME ="Constraint based load ordering" VALUE ="NO"/>
        <ATTRIBUTE NAME ="Cache LOOKUP() function" VALUE ="YES"/>
        <ATTRIBUTE NAME ="Default buffer block size" VALUE ="Auto"/>
        <ATTRIBUTE NAME ="Line Sequential buffer length" VALUE ="1024"/>
        <ATTRIBUTE NAME ="Maximum Memory Allowed For Auto Memory Attributes" VALUE ="512MB"/>
        <ATTRIBUTE NAME ="Maximum Percentage of Total Memory Allowed For Auto Memory Attributes" VALUE ="5"/>
        <ATTRIBUTE NAME ="Additional Concurrent Pipelines for Lookup Cache Creation" VALUE ="Auto"/>
        <ATTRIBUTE NAME ="Custom Properties" VALUE =""/>
        <ATTRIBUTE NAME ="Pre-build lookup cache" VALUE ="Auto"/>
        <ATTRIBUTE NAME ="Optimization Level" VALUE ="Medium"/>
        <ATTRIBUTE NAME ="DateTime Format String" VALUE ="MM/DD/YYYY HH24:MI:SS.US"/>
        <ATTRIBUTE NAME ="Pre 85 Timestamp Compatibility" VALUE ="NO"/>
        <ATTRIBUTE NAME ="Log Options" VALUE ="0"/>
        <ATTRIBUTE NAME ="Save session log by" VALUE ="Session runs"/>
        <ATTRIBUTE NAME ="Save session log for these runs" VALUE ="0"/>
        <ATTRIBUTE NAME ="Session Log File Max Size" VALUE ="0"/>
        <ATTRIBUTE NAME ="Session Log File Max Time Period" VALUE ="0"/>
        <ATTRIBUTE NAME ="Maximum Partial Session Log Files" VALUE ="1"/>
        <ATTRIBUTE NAME ="Writer Commit Statistics Log Frequency" VALUE ="1"/>
        <ATTRIBUTE NAME ="Writer Commit Statistics Log Interval" VALUE ="0"/>
        <ATTRIBUTE NAME ="Error handling" VALUE =""/>
        <ATTRIBUTE NAME ="Stop on errors" VALUE ="0"/>
        <ATTRIBUTE NAME ="Override tracing" VALUE ="None"/>
        <ATTRIBUTE NAME ="On Stored Procedure error" VALUE ="Stop"/>
        <ATTRIBUTE NAME ="On Pre-session command task error" VALUE ="Stop"/>
        <ATTRIBUTE NAME ="On Pre-Post SQL error" VALUE ="Stop"/>
        <ATTRIBUTE NAME ="Enable Recovery" VALUE ="NO"/>
        <ATTRIBUTE NAME ="Error Log Type" VALUE ="None"/>
        <ATTRIBUTE NAME ="Error Log Table Name Prefix" VALUE =""/>
        <ATTRIBUTE NAME ="Error Log File Name" VALUE ="PMError.log"/>
        <ATTRIBUTE NAME ="Log Source Row Data" VALUE ="NO"/>
        <ATTRIBUTE NAME ="Data Column Delimiter" VALUE ="|"/>
        <ATTRIBUTE NAME ="Partitioning Options" VALUE =""/>
        <ATTRIBUTE NAME ="Dynamic Partitioning" VALUE ="Disabled"/>
        <ATTRIBUTE NAME ="Number of Partitions" VALUE ="1"/>
        <ATTRIBUTE NAME ="Multiplication Factor" VALUE ="Auto"/>
        <ATTRIBUTE NAME ="Session on Grid" VALUE =""/>
        <ATTRIBUTE NAME ="Is Enabled" VALUE ="NO"/>
    </CONFIG>
    <WORKFLOW DESCRIPTION ="These workflows are created from the Workflow Generation Wizard." ISENABLED ="YES" ISRUNNABLESERVICE ="NO" ISSERVICE ="NO" ISVALID ="YES" NAME ="wf_m_TS06_DB1_DB1" REUSABLE_SCHEDULER ="NO" SCHEDULERNAME ="Scheduler" SERVERNAME ="ravana" SERVER_DOMAINNAME ="RAWAN" SUSPEND_ON_ERROR ="NO" TASKS_MUST_RUN_ON_SERVER ="NO" VERSIONNUMBER ="1">
        <SCHEDULER DESCRIPTION ="" NAME ="Scheduler" REUSABLE ="NO" VERSIONNUMBER ="1">
            <SCHEDULEINFO SCHEDULETYPE ="ONDEMAND"/>
        </SCHEDULER>
        <TASK DESCRIPTION ="" NAME ="Start" REUSABLE ="NO" TYPE ="Start" VERSIONNUMBER ="1"/>
        <SESSION DESCRIPTION ="" ISVALID ="YES" MAPPINGNAME ="m_TS06_DB1_DB1" NAME ="s_m_TS06_DB1_DB1" REUSABLE ="NO" SORTORDER ="Binary" VERSIONNUMBER ="1">
            <SESSTRANSFORMATIONINST ISREPARTITIONPOINT ="NO" PIPELINE ="0" SINSTANCENAME ="TS06_EMPLOYEE" STAGE ="0" TRANSFORMATIONNAME ="TS06_EMPLOYEE" TRANSFORMATIONTYPE ="Source Definition"/>
            <SESSTRANSFORMATIONINST ISREPARTITIONPOINT ="YES" PARTITIONTYPE ="PASS THROUGH" PIPELINE ="1" SINSTANCENAME ="SQ_employee" STAGE ="1" TRANSFORMATIONNAME ="SQ_employee" TRANSFORMATIONTYPE ="Source Qualifier"/>
            <SESSTRANSFORMATIONINST ISREPARTITIONPOINT ="NO" PIPELINE ="1" SINSTANCENAME ="EXP_LOAD" STAGE ="1" TRANSFORMATIONNAME ="EXP_LOAD" TRANSFORMATIONTYPE ="Expression"/>
            <SESSTRANSFORMATIONINST ISREPARTITIONPOINT ="NO" PIPELINE ="1" SINSTANCENAME ="RTR_LOAD" STAGE ="1" TRANSFORMATIONNAME ="RTR_LOAD" TRANSFORMATIONTYPE ="Router"/>
            <SESSTRANSFORMATIONINST ISREPARTITIONPOINT ="YES" PARTITIONTYPE ="PASS THROUGH" PIPELINE ="1" SINSTANCENAME ="TS06_TGT_DEPT10" STAGE ="2" TRANSFORMATIONNAME ="TS06_TGT_DEPT10" TRANSFORMATIONTYPE ="Target Definition"/>
            <SESSTRANSFORMATIONINST ISREPARTITIONPOINT ="YES" PARTITIONTYPE ="PASS THROUGH" PIPELINE ="1" SINSTANCENAME ="TS06_TGT_DEPT20" STAGE ="3" TRANSFORMATIONNAME ="TS06_TGT_DEPT20" TRANSFORMATIONTYPE ="Target Definition"/>
            <SESSTRANSFORMATIONINST ISREPARTITIONPOINT ="YES" PARTITIONTYPE ="PASS THROUGH" PIPELINE ="1" SINSTANCENAME ="TS06_TGT_DEPT30" STAGE ="4" TRANSFORMATIONNAME ="TS06_TGT_DEPT30" TRANSFORMATIONTYPE ="Target Definition"/>
            <SESSTRANSFORMATIONINST ISREPARTITIONPOINT ="YES" PARTITIONTYPE ="PASS THROUGH" PIPELINE ="1" SINSTANCENAME ="TS06_TGT_EMPLOYEEDEF" STAGE ="5" TRANSFORMATIONNAME ="TS06_TGT_EMPLOYEEDEF" TRANSFORMATIONTYPE ="Target Definition"/>
            <CONFIGREFERENCE REFOBJECTNAME ="default_session_config" TYPE ="Session config"/>
            <SESSIONEXTENSION DSQINSTNAME ="SQ_employee" DSQINSTTYPE ="Source Qualifier" NAME ="Relational Reader" SINSTANCENAME ="TS06_EMPLOYEE" SUBTYPE ="Relational Reader" TRANSFORMATIONTYPE ="Source Definition" TYPE ="READER"/>
            <SESSIONEXTENSION NAME ="Relational Reader" SINSTANCENAME ="SQ_employee" SUBTYPE ="Relational Reader" TRANSFORMATIONTYPE ="Source Qualifier" TYPE ="READER">
                <CONNECTIONREFERENCE CNXREFNAME ="DB Connection" CONNECTIONNAME ="Teradata" CONNECTIONNUMBER ="1" CONNECTIONSUBTYPE ="Teradata" CONNECTIONTYPE ="Relational" VARIABLE =""/>
            </SESSIONEXTENSION>
            <SESSIONEXTENSION NAME ="Relational Writer" SINSTANCENAME ="TS06_TGT_DEPT10" SUBTYPE ="Relational Writer" TRANSFORMATIONTYPE ="Target Definition" TYPE ="WRITER">
                <CONNECTIONREFERENCE CNXREFNAME ="DB Connection" CONNECTIONNAME ="Teradata" CONNECTIONNUMBER ="1" CONNECTIONSUBTYPE ="Teradata" CONNECTIONTYPE ="Relational" VARIABLE =""/>
                <ATTRIBUTE NAME ="Target load type" VALUE ="Bulk"/>
                <ATTRIBUTE NAME ="Insert" VALUE ="YES"/>
                <ATTRIBUTE NAME ="Update as Update" VALUE ="YES"/>
                <ATTRIBUTE NAME ="Update as Insert" VALUE ="NO"/>
                <ATTRIBUTE NAME ="Update else Insert" VALUE ="NO"/>
                <ATTRIBUTE NAME ="Delete" VALUE ="YES"/>
                <ATTRIBUTE NAME ="Truncate target table option" VALUE ="NO"/>
                <ATTRIBUTE NAME ="Reject file directory" VALUE ="$PMBadFileDir&#x5c;"/>
                <ATTRIBUTE NAME ="Reject filename" VALUE ="Teradata"/>
            </SESSIONEXTENSION>
            <SESSIONEXTENSION NAME ="Relational Writer" SINSTANCENAME ="TS06_TGT_DEPT20" SUBTYPE ="Relational Writer" TRANSFORMATIONTYPE ="Target Definition" TYPE ="WRITER">
                <CONNECTIONREFERENCE CNXREFNAME ="DB Connection" CONNECTIONNAME ="Teradata" CONNECTIONNUMBER ="1" CONNECTIONSUBTYPE ="Teradata" CONNECTIONTYPE ="Relational" VARIABLE =""/>
                <ATTRIBUTE NAME ="Target load type" VALUE ="Bulk"/>
                <ATTRIBUTE NAME ="Insert" VALUE ="YES"/>
                <ATTRIBUTE NAME ="Update as Update" VALUE ="YES"/>
                <ATTRIBUTE NAME ="Update as Insert" VALUE ="NO"/>
                <ATTRIBUTE NAME ="Update else Insert" VALUE ="NO"/>
                <ATTRIBUTE NAME ="Delete" VALUE ="YES"/>
                <ATTRIBUTE NAME ="Truncate target table option" VALUE ="NO"/>
                <ATTRIBUTE NAME ="Reject file directory" VALUE ="$PMBadFileDir&#x5c;"/>
                <ATTRIBUTE NAME ="Reject filename" VALUE ="Teradata"/>
            </SESSIONEXTENSION>
            <SESSIONEXTENSION NAME ="Relational Writer" SINSTANCENAME ="TS06_TGT_DEPT30" SUBTYPE ="Relational Writer" TRANSFORMATIONTYPE ="Target Definition" TYPE ="WRITER">
                <CONNECTIONREFERENCE CNXREFNAME ="DB Connection" CONNECTIONNAME ="Teradata" CONNECTIONNUMBER ="1" CONNECTIONSUBTYPE ="Teradata" CONNECTIONTYPE ="Relational" VARIABLE =""/>
                <ATTRIBUTE NAME ="Target load type" VALUE ="Bulk"/>
                <ATTRIBUTE NAME ="Insert" VALUE ="YES"/>
                <ATTRIBUTE NAME ="Update as Update" VALUE ="YES"/>
                <ATTRIBUTE NAME ="Update as Insert" VALUE ="NO"/>
                <ATTRIBUTE NAME ="Update else Insert" VALUE ="NO"/>
                <ATTRIBUTE NAME ="Delete" VALUE ="YES"/>
                <ATTRIBUTE NAME ="Truncate target table option" VALUE ="NO"/>
                <ATTRIBUTE NAME ="Reject file directory" VALUE ="$PMBadFileDir&#x5c;"/>
                <ATTRIBUTE NAME ="Reject filename" VALUE ="Teradata"/>
            </SESSIONEXTENSION>
            <SESSIONEXTENSION NAME ="Relational Writer" SINSTANCENAME ="TS06_TGT_EMPLOYEEDEF" SUBTYPE ="Relational Writer" TRANSFORMATIONTYPE ="Target Definition" TYPE ="WRITER">
                <CONNECTIONREFERENCE CNXREFNAME ="DB Connection" CONNECTIONNAME ="Teradata" CONNECTIONNUMBER ="1" CONNECTIONSUBTYPE ="Teradata" CONNECTIONTYPE ="Relational" VARIABLE =""/>
                <ATTRIBUTE NAME ="Target load type" VALUE ="Bulk"/>
                <ATTRIBUTE NAME ="Insert" VALUE ="YES"/>
                <ATTRIBUTE NAME ="Update as Update" VALUE ="YES"/>
                <ATTRIBUTE NAME ="Update as Insert" VALUE ="NO"/>
                <ATTRIBUTE NAME ="Update else Insert" VALUE ="NO"/>
                <ATTRIBUTE NAME ="Delete" VALUE ="YES"/>
                <ATTRIBUTE NAME ="Truncate target table option" VALUE ="NO"/>
                <ATTRIBUTE NAME ="Reject file directory" VALUE ="$PMBadFileDir&#x5c;"/>
                <ATTRIBUTE NAME ="Reject filename" VALUE ="Teradata"/>
            </SESSIONEXTENSION>
            <ATTRIBUTE NAME ="General Options" VALUE =""/>
            <ATTRIBUTE NAME ="Write Backward Compatible Session Log File" VALUE ="NO"/>
            <ATTRIBUTE NAME ="Session Log File Name" VALUE ="s_m_TS06_DB1_DB1.log"/>
            <ATTRIBUTE NAME ="Session Log File directory" VALUE ="$PMSessionLogDir&#x5c;"/>
            <ATTRIBUTE NAME ="Parameter Filename" VALUE =""/>
            <ATTRIBUTE NAME ="Enable Test Load" VALUE ="NO"/>
            <ATTRIBUTE NAME ="$Source connection value" VALUE =""/>
            <ATTRIBUTE NAME ="$Target connection value" VALUE =""/>
            <ATTRIBUTE NAME ="Treat source rows as" VALUE ="Insert"/>
            <ATTRIBUTE NAME ="Commit Type" VALUE ="Target"/>
            <ATTRIBUTE NAME ="Commit Interval" VALUE ="10000"/>
            <ATTRIBUTE NAME ="Commit On End Of File" VALUE ="YES"/>
            <ATTRIBUTE NAME ="Rollback Transactions on Errors" VALUE ="NO"/>
            <ATTRIBUTE NAME ="Recovery Strategy" VALUE ="Fail task and continue workflow"/>
            <ATTRIBUTE NAME ="Java Classpath" VALUE =""/>
            <ATTRIBUTE NAME ="Performance" VALUE =""/>
            <ATTRIBUTE NAME ="DTM buffer size" VALUE ="24000000"/>
            <ATTRIBUTE NAME ="Collect performance data" VALUE ="NO"/>
            <ATTRIBUTE NAME ="Write performance data to repository" VALUE ="NO"/>
            <ATTRIBUTE NAME ="Incremental Aggregation" VALUE ="NO"/>
            <ATTRIBUTE NAME ="Session retry on deadlock" VALUE ="NO"/>
            <ATTRIBUTE NAME ="Pushdown Optimization" VALUE ="None"/>
            <ATTRIBUTE NAME ="Allow Temporary View for Pushdown" VALUE ="NO"/>
            <ATTRIBUTE NAME ="Allow Temporary Sequence for Pushdown" VALUE ="NO"/>
            <ATTRIBUTE NAME ="Allow Pushdown for User Incompatible Connections" VALUE ="NO"/>
        </SESSION>
        <TASKINSTANCE DESCRIPTION ="" ISENABLED ="YES" NAME ="Start" REUSABLE ="NO" TASKNAME ="Start" TASKTYPE ="Start"/>
        <TASKINSTANCE DESCRIPTION ="" FAIL_PARENT_IF_INSTANCE_DID_NOT_RUN ="NO" FAIL_PARENT_IF_INSTANCE_FAILS ="YES" ISENABLED ="YES" NAME ="s_m_TS06_DB1_DB1" REUSABLE ="NO" TASKNAME ="s_m_TS06_DB1_DB1" TASKTYPE ="Session" TREAT_INPUTLINK_AS_AND ="YES"/>
        <WORKFLOWLINK CONDITION ="" FROMTASK ="Start" TOTASK ="s_m_TS06_DB1_DB1"/>
        <WORKFLOWVARIABLE DATATYPE ="date/time" DEFAULTVALUE ="" DESCRIPTION ="The time this task started" ISNULL ="NO" ISPERSISTENT ="NO" NAME ="$Start.StartTime" USERDEFINED ="NO"/>
        <WORKFLOWVARIABLE DATATYPE ="date/time" DEFAULTVALUE ="" DESCRIPTION ="The time this task completed" ISNULL ="NO" ISPERSISTENT ="NO" NAME ="$Start.EndTime" USERDEFINED ="NO"/>
        <WORKFLOWVARIABLE DATATYPE ="integer" DEFAULTVALUE ="" DESCRIPTION ="Status of this task&apos;s execution" ISNULL ="NO" ISPERSISTENT ="NO" NAME ="$Start.Status" USERDEFINED ="NO"/>
        <WORKFLOWVARIABLE DATATYPE ="integer" DEFAULTVALUE ="" DESCRIPTION ="Status of the previous task that is not disabled" ISNULL ="NO" ISPERSISTENT ="NO" NAME ="$Start.PrevTaskStatus" USERDEFINED ="NO"/>
        <WORKFLOWVARIABLE DATATYPE ="integer" DEFAULTVALUE ="" DESCRIPTION ="Error code for this task&apos;s execution" ISNULL ="NO" ISPERSISTENT ="NO" NAME ="$Start.ErrorCode" USERDEFINED ="NO"/>
        <WORKFLOWVARIABLE DATATYPE ="string" DEFAULTVALUE ="" DESCRIPTION ="Error message for this task&apos;s execution" ISNULL ="NO" ISPERSISTENT ="NO" NAME ="$Start.ErrorMsg" USERDEFINED ="NO"/>
        <WORKFLOWVARIABLE DATATYPE ="date/time" DEFAULTVALUE ="" DESCRIPTION ="The time this task started" ISNULL ="NO" ISPERSISTENT ="NO" NAME ="$s_m_TS06_DB1_DB1.StartTime" USERDEFINED ="NO"/>
        <WORKFLOWVARIABLE DATATYPE ="date/time" DEFAULTVALUE ="" DESCRIPTION ="The time this task completed" ISNULL ="NO" ISPERSISTENT ="NO" NAME ="$s_m_TS06_DB1_DB1.EndTime" USERDEFINED ="NO"/>
        <WORKFLOWVARIABLE DATATYPE ="integer" DEFAULTVALUE ="" DESCRIPTION ="Status of this task&apos;s execution" ISNULL ="NO" ISPERSISTENT ="NO" NAME ="$s_m_TS06_DB1_DB1.Status" USERDEFINED ="NO"/>
        <WORKFLOWVARIABLE DATATYPE ="integer" DEFAULTVALUE ="" DESCRIPTION ="Status of the previous task that is not disabled" ISNULL ="NO" ISPERSISTENT ="NO" NAME ="$s_m_TS06_DB1_DB1.PrevTaskStatus" USERDEFINED ="NO"/>
        <WORKFLOWVARIABLE DATATYPE ="integer" DEFAULTVALUE ="" DESCRIPTION ="Error code for this task&apos;s execution" ISNULL ="NO" ISPERSISTENT ="NO" NAME ="$s_m_TS06_DB1_DB1.ErrorCode" USERDEFINED ="NO"/>
        <WORKFLOWVARIABLE DATATYPE ="string" DEFAULTVALUE ="" DESCRIPTION ="Error message for this task&apos;s execution" ISNULL ="NO" ISPERSISTENT ="NO" NAME ="$s_m_TS06_DB1_DB1.ErrorMsg" USERDEFINED ="NO"/>
        <WORKFLOWVARIABLE DATATYPE ="integer" DEFAULTVALUE ="" DESCRIPTION ="Rows successfully read" ISNULL ="NO" ISPERSISTENT ="NO" NAME ="$s_m_TS06_DB1_DB1.SrcSuccessRows" USERDEFINED ="NO"/>
        <WORKFLOWVARIABLE DATATYPE ="integer" DEFAULTVALUE ="" DESCRIPTION ="Rows failed to read" ISNULL ="NO" ISPERSISTENT ="NO" NAME ="$s_m_TS06_DB1_DB1.SrcFailedRows" USERDEFINED ="NO"/>
        <WORKFLOWVARIABLE DATATYPE ="integer" DEFAULTVALUE ="" DESCRIPTION ="Rows successfully loaded" ISNULL ="NO" ISPERSISTENT ="NO" NAME ="$s_m_TS06_DB1_DB1.TgtSuccessRows" USERDEFINED ="NO"/>
        <WORKFLOWVARIABLE DATATYPE ="integer" DEFAULTVALUE ="" DESCRIPTION ="Rows failed to load" ISNULL ="NO" ISPERSISTENT ="NO" NAME ="$s_m_TS06_DB1_DB1.TgtFailedRows" USERDEFINED ="NO"/>
        <WORKFLOWVARIABLE DATATYPE ="integer" DEFAULTVALUE ="" DESCRIPTION ="Total number of transformation errors" ISNULL ="NO" ISPERSISTENT ="NO" NAME ="$s_m_TS06_DB1_DB1.TotalTransErrors" USERDEFINED ="NO"/>
        <WORKFLOWVARIABLE DATATYPE ="integer" DEFAULTVALUE ="" DESCRIPTION ="First error code" ISNULL ="NO" ISPERSISTENT ="NO" NAME ="$s_m_TS06_DB1_DB1.FirstErrorCode" USERDEFINED ="NO"/>
        <WORKFLOWVARIABLE DATATYPE ="string" DEFAULTVALUE ="" DESCRIPTION ="First error message" ISNULL ="NO" ISPERSISTENT ="NO" NAME ="$s_m_TS06_DB1_DB1.FirstErrorMsg" USERDEFINED ="NO"/>
        <ATTRIBUTE NAME ="Parameter Filename" VALUE =""/>
        <ATTRIBUTE NAME ="Write Backward Compatible Workflow Log File" VALUE ="NO"/>
        <ATTRIBUTE NAME ="Workflow Log File Name" VALUE ="wf_m_TS06_DB1_DB1.log"/>
        <ATTRIBUTE NAME ="Workflow Log File Directory" VALUE ="$PMWorkflowLogDir&#x5c;"/>
        <ATTRIBUTE NAME ="Save Workflow log by" VALUE ="By runs"/>
        <ATTRIBUTE NAME ="Save workflow log for these runs" VALUE ="0"/>
        <ATTRIBUTE NAME ="Service Name" VALUE =""/>
        <ATTRIBUTE NAME ="Service Timeout" VALUE ="0"/>
        <ATTRIBUTE NAME ="Is Service Visible" VALUE ="NO"/>
        <ATTRIBUTE NAME ="Is Service Protected" VALUE ="NO"/>
        <ATTRIBUTE NAME ="Enable HA recovery" VALUE ="NO"/>
        <ATTRIBUTE NAME ="Automatically recover terminated tasks" VALUE ="NO"/>
        <ATTRIBUTE NAME ="Service Level Name" VALUE ="Default"/>
        <ATTRIBUTE NAME ="Allow concurrent run with unique run instance name" VALUE ="NO"/>
        <ATTRIBUTE NAME ="Allow concurrent run with same run instance name" VALUE ="NO"/>
        <ATTRIBUTE NAME ="Maximum number of concurrent runs" VALUE ="0"/>
        <ATTRIBUTE NAME ="Assigned Web Services Hubs" VALUE =""/>
        <ATTRIBUTE NAME ="Maximum number of concurrent runs per Hub" VALUE ="1000"/>
        <ATTRIBUTE NAME ="Expected Service Time" VALUE ="1"/>
    </WORKFLOW>
</FOLDER>
</REPOSITORY>
</POWERMART>