<?xml version="1.0" encoding="Windows-1252"?>
<!DOCTYPE POWERMART SYSTEM "powrmart.dtd">
<POWERMART CREATION_DATE="06/06/2018 13:22:28" REPOSITORY_VERSION="181.90">
<REPOSITORY NAME="Support" VERSION="181" CODEPAGE="MS1252" DATABASETYPE="Microsoft SQL Server">
<FOLDER NAME="TS11" GROUP="" OWNER="Administrator" SHARED="NOTSHARED" DESCRIPTION="" PERMISSIONS="rwx---r--" UUID="113b9786-e174-4b79-b416-6e5649502ec9">
    <SOURCE BUSINESSNAME ="" CRCVALUE ="2391544188" DATABASETYPE ="XML" DBDNAME ="XML_File" DESCRIPTION ="" NAME ="infbook" OBJECTVERSION ="1" OWNERNAME ="" VERSIONNUMBER ="1">
        <FLATFILE CODEPAGE ="MS1252" CONSECDELIMITERSASONE ="NO" DELIMITED ="NO" DELIMITERS ="," ESCAPE_CHARACTER ="" KEEPESCAPECHAR ="NO" LINESEQUENTIAL ="NO" MULTIDELIMITERSASAND ="NO" NULLCHARTYPE ="ASCII" NULL_CHARACTER ="*" PADBYTES ="1" QUOTE_CHARACTER ="NONE" REPEATABLE ="NO" ROWDELIMITER ="0" SKIPROWS ="0" STRIPTRAILINGBLANKS ="NO"/>
        <XMLINFO>
            <XMLTEXT TEXT ="&lt;?xml version=&quot;1.0&quot; encoding=&quot;utf-8&quot;?&gt;&#xA;&lt;METASCHEMA ORIGIN=&quot;xml,reposit&quot; version=&quot;7.01&quot;&gt;&#xA;&lt;NAMESPACEINFO NAMESPACE=&quot;&quot; PREFIX=&quot;&quot; ELEMENT-FORM-DEFAULT=&quot;unqualified&quot; ATTRIBUTE-FORM-DEFAULT=&quot;unqualified&quot; ROOTNAMESPACE=&quot;true&quot;&gt;&#xA;&lt;/NAMESPACEINFO&gt;&#xA;&lt;/METASCHEMA&gt;&#xA;" TYPE ="ADAPTER"/>
            <XMLTEXT TEXT ="&lt;?xml version=&quot;1.0&quot; encoding=&quot;utf-8&quot;?&gt;&#xA;&lt;xsd:schema xmlns:xsd=&quot;http://www.w3.org/2001/XMLSchema&quot; xmlns:infatype=&quot;http://www.informatica.com/types/&quot; elementFormDefault=&quot;unqualified&quot; attributeFormDefault=&quot;unqualified&quot;&gt;&#xA;&lt;xsd:element name=&quot;title&quot; type=&quot;xsd:string&quot; infatype:type=&quot;xsd:string&quot; infatype:length=&quot;22&quot;&gt;&#xA;&lt;/xsd:element&gt;&#xA;&#xA;&lt;xsd:element name=&quot;book&quot;&gt;&#xA;&lt;xsd:complexType&gt;&#xA;&lt;xsd:sequence&gt;&#xA;&lt;xsd:element ref=&quot;title&quot;/&gt;&#xA;&lt;xsd:element ref=&quot;author&quot;/&gt;&#xA;&lt;xsd:element ref=&quot;year&quot;/&gt;&#xA;&lt;xsd:element ref=&quot;price&quot;/&gt;&#xA;&lt;/xsd:sequence&gt;&#xA;&lt;/xsd:complexType&gt;&#xA;&lt;/xsd:element&gt;&#xA;&#xA;&lt;xsd:element name=&quot;year&quot; type=&quot;xsd:integer&quot;&gt;&#xA;&lt;/xsd:element&gt;&#xA;&#xA;&lt;xsd:element name=&quot;books&quot;&gt;&#xA;&lt;xsd:complexType&gt;&#xA;&lt;xsd:sequence&gt;&#xA;&lt;xsd:element ref=&quot;book&quot;/&gt;&#xA;&lt;/xsd:sequence&gt;&#xA;&lt;/xsd:complexType&gt;&#xA;&lt;/xsd:element&gt;&#xA;&#xA;&lt;xsd:element name=&quot;price&quot; type=&quot;xsd:decimal&quot; infatype:type=&quot;xsd:decimal&quot; infatype:length=&quot;4&quot; infatype:scale=&quot;2&quot;&gt;&#xA;&lt;/xsd:element&gt;&#xA;&#xA;&lt;xsd:element name=&quot;author&quot; type=&quot;xsd:string&quot; infatype:type=&quot;xsd:string&quot; infatype:length=&quot;6&quot;&gt;&#xA;&lt;/xsd:element&gt;&#xA;&#xA;&lt;/xsd:schema&gt;&#xA;" TYPE ="SCHEMA"/>
            <XMLTEXT TEXT ="&lt;?xml version=&quot;1.0&quot; encoding=&quot;utf-8&quot;?&gt;&#xA;&lt;METATABLE version=&quot;7.01&quot;&gt;&#xA;&lt;GROUP GROUPNAME=&quot;X_books&quot;&gt;&#xA;&lt;GROUPSAT&gt;books&lt;/GROUPSAT&gt;&#xA;&lt;/GROUP&gt;&#xA;&lt;/METATABLE&gt;&#xA;" TYPE ="TABLE"/>
        </XMLINFO>
        <GROUP DESCRIPTION ="" NAME ="X_books" ORDER ="1" TYPE ="OUTPUT"/>
        <TABLEATTRIBUTE NAME ="Base Table Name" VALUE =""/>
        <TABLEATTRIBUTE NAME ="Search Specification" VALUE =""/>
        <TABLEATTRIBUTE NAME ="Sort Specification" VALUE =""/>
        <TABLEATTRIBUTE NAME ="Add Currently Processed XML File Name Port" VALUE ="NO"/>
        <SOURCEFIELD BUSINESSNAME ="" DATATYPE ="integer" DESCRIPTION ="" FIELDNUMBER ="1" FIELDPROPERTY ="0" FIELDTYPE ="ELEMITEM" GROUP ="X_books" HIDDEN ="NO" KEYTYPE ="PRIMARY/GENERATED KEY" LENGTH ="20" LEVEL ="0" NAME ="XPK_books" NULLABLE ="NOTNULL" OCCURS ="0" OFFSET ="0" PHYSICALLENGTH ="19" PHYSICALOFFSET ="0" PICTURETEXT ="" PRECISION ="19" SCALE ="0" USAGE_FLAGS ="">
            <FIELDATTRIBUTE NAME ="XML Mapping" VALUE =""/>
            <FIELDATTRIBUTE NAME ="IsElement" VALUE ="0"/>
            <FIELDATTRIBUTE NAME ="PivotNumber" VALUE ="0"/>
            <FIELDATTRIBUTE NAME ="XSDDatatype" VALUE ="simpleType(xsd:integer)"/>
        </SOURCEFIELD>
        <SOURCEFIELD BUSINESSNAME ="" DATATYPE ="string" DESCRIPTION ="" FIELDNUMBER ="2" FIELDPROPERTY ="0" FIELDTYPE ="ELEMITEM" GROUP ="X_books" HIDDEN ="NO" KEYTYPE ="NOT A KEY" LENGTH ="22" LEVEL ="0" NAME ="title" NULLABLE ="NULL" OCCURS ="0" OFFSET ="20" PHYSICALLENGTH ="22" PHYSICALOFFSET ="19" PICTURETEXT ="" PRECISION ="22" SCALE ="0" USAGE_FLAGS ="">
            <FIELDATTRIBUTE NAME ="XML Mapping" VALUE ="./book/title"/>
            <FIELDATTRIBUTE NAME ="IsElement" VALUE ="0"/>
            <FIELDATTRIBUTE NAME ="PivotNumber" VALUE ="0"/>
            <FIELDATTRIBUTE NAME ="XSDDatatype" VALUE ="simpleType(xsd:string)"/>
        </SOURCEFIELD>
        <SOURCEFIELD BUSINESSNAME ="" DATATYPE ="string" DESCRIPTION ="" FIELDNUMBER ="3" FIELDPROPERTY ="0" FIELDTYPE ="ELEMITEM" GROUP ="X_books" HIDDEN ="NO" KEYTYPE ="NOT A KEY" LENGTH ="6" LEVEL ="0" NAME ="author" NULLABLE ="NULL" OCCURS ="0" OFFSET ="42" PHYSICALLENGTH ="6" PHYSICALOFFSET ="41" PICTURETEXT ="" PRECISION ="6" SCALE ="0" USAGE_FLAGS ="">
            <FIELDATTRIBUTE NAME ="XML Mapping" VALUE ="./book/author"/>
            <FIELDATTRIBUTE NAME ="IsElement" VALUE ="0"/>
            <FIELDATTRIBUTE NAME ="PivotNumber" VALUE ="0"/>
            <FIELDATTRIBUTE NAME ="XSDDatatype" VALUE ="simpleType(xsd:string)"/>
        </SOURCEFIELD>
        <SOURCEFIELD BUSINESSNAME ="" DATATYPE ="integer" DESCRIPTION ="" FIELDNUMBER ="4" FIELDPROPERTY ="0" FIELDTYPE ="ELEMITEM" GROUP ="X_books" HIDDEN ="NO" KEYTYPE ="NOT A KEY" LENGTH ="20" LEVEL ="0" NAME ="year" NULLABLE ="NULL" OCCURS ="0" OFFSET ="48" PHYSICALLENGTH ="19" PHYSICALOFFSET ="47" PICTURETEXT ="" PRECISION ="19" SCALE ="0" USAGE_FLAGS ="">
            <FIELDATTRIBUTE NAME ="XML Mapping" VALUE ="./book/year"/>
            <FIELDATTRIBUTE NAME ="IsElement" VALUE ="0"/>
            <FIELDATTRIBUTE NAME ="PivotNumber" VALUE ="0"/>
            <FIELDATTRIBUTE NAME ="XSDDatatype" VALUE ="simpleType(xsd:integer)"/>
        </SOURCEFIELD>
        <SOURCEFIELD BUSINESSNAME ="" DATATYPE ="decimal" DESCRIPTION ="" FIELDNUMBER ="5" FIELDPROPERTY ="0" FIELDTYPE ="ELEMITEM" GROUP ="X_books" HIDDEN ="NO" KEYTYPE ="NOT A KEY" LENGTH ="6" LEVEL ="0" NAME ="price" NULLABLE ="NULL" OCCURS ="0" OFFSET ="68" PHYSICALLENGTH ="4" PHYSICALOFFSET ="66" PICTURETEXT ="" PRECISION ="4" SCALE ="2" USAGE_FLAGS ="">
            <FIELDATTRIBUTE NAME ="XML Mapping" VALUE ="./book/price"/>
            <FIELDATTRIBUTE NAME ="IsElement" VALUE ="0"/>
            <FIELDATTRIBUTE NAME ="PivotNumber" VALUE ="0"/>
            <FIELDATTRIBUTE NAME ="XSDDatatype" VALUE ="simpleType(xsd:decimal)"/>
        </SOURCEFIELD>
    </SOURCE>
    <TARGET BUSINESSNAME ="" CONSTRAINT ="" DATABASETYPE ="Teradata" DESCRIPTION ="" NAME ="TS11_XML_INFBOOKS" OBJECTVERSION ="1" TABLEOPTIONS ="" VERSIONNUMBER ="1">
        <TARGETFIELD BUSINESSNAME ="" DATATYPE ="varchar" DESCRIPTION ="" FIELDNUMBER ="1" KEYTYPE ="NOT A KEY" NAME ="titles" NULLABLE ="NULL" PICTURETEXT ="" PRECISION ="20" SCALE ="0"/>
        <TARGETFIELD BUSINESSNAME ="" DATATYPE ="varchar" DESCRIPTION ="" FIELDNUMBER ="2" KEYTYPE ="NOT A KEY" NAME ="author" NULLABLE ="NULL" PICTURETEXT ="" PRECISION ="20" SCALE ="0"/>
        <TARGETFIELD BUSINESSNAME ="" DATATYPE ="integer" DESCRIPTION ="" FIELDNUMBER ="3" KEYTYPE ="NOT A KEY" NAME ="years" NULLABLE ="NULL" PICTURETEXT ="" PRECISION ="10" SCALE ="0"/>
        <TARGETFIELD BUSINESSNAME ="" DATATYPE ="integer" DESCRIPTION ="" FIELDNUMBER ="4" KEYTYPE ="NOT A KEY" NAME ="price" NULLABLE ="NULL" PICTURETEXT ="" PRECISION ="10" SCALE ="0"/>
    </TARGET>
    <MAPPING DESCRIPTION ="" ISVALID ="YES" NAME ="m_TS11_XML_DB1" OBJECTVERSION ="1" VERSIONNUMBER ="1">
        <TRANSFORMATION DESCRIPTION ="" NAME ="XMLDSQ_infbook" OBJECTVERSION ="1" REF_DBD_NAME ="XML_File" REF_SOURCE_NAME ="infbook" REUSABLE ="NO" TYPE ="XML Source Qualifier" VERSIONNUMBER ="1">
            <GROUP DESCRIPTION ="" NAME ="X_books" ORDER ="1" TYPE ="INPUT/OUTPUT"/>
            <TRANSFORMFIELD DATATYPE ="bigint" DEFAULTVALUE ="1" DESCRIPTION ="" GROUP ="X_books" NAME ="XPK_books" PICTURETEXT ="" PORTTYPE ="GENERATED KEY/INPUT/OUTPUT" PRECISION ="19" REF_SOURCE_FIELD ="XPK_books" SCALE ="0" SEQUENCE_GENERATOR_VALUE ="1"/>
            <TRANSFORMFIELD DATATYPE ="string" DEFAULTVALUE ="" DESCRIPTION ="" GROUP ="X_books" NAME ="title" PICTURETEXT ="" PORTTYPE ="INPUT/OUTPUT" PRECISION ="22" REF_SOURCE_FIELD ="title" SCALE ="0"/>
            <TRANSFORMFIELD DATATYPE ="string" DEFAULTVALUE ="" DESCRIPTION ="" GROUP ="X_books" NAME ="author" PICTURETEXT ="" PORTTYPE ="INPUT/OUTPUT" PRECISION ="6" REF_SOURCE_FIELD ="author" SCALE ="0"/>
            <TRANSFORMFIELD DATATYPE ="bigint" DEFAULTVALUE ="" DESCRIPTION ="" GROUP ="X_books" NAME ="year" PICTURETEXT ="" PORTTYPE ="INPUT/OUTPUT" PRECISION ="19" REF_SOURCE_FIELD ="year" SCALE ="0"/>
            <TRANSFORMFIELD DATATYPE ="decimal" DEFAULTVALUE ="" DESCRIPTION ="" GROUP ="X_books" NAME ="price" PICTURETEXT ="" PORTTYPE ="INPUT/OUTPUT" PRECISION ="4" REF_SOURCE_FIELD ="price" SCALE ="2"/>
            <TABLEATTRIBUTE NAME ="Tracing Level" VALUE ="Normal"/>
            <TABLEATTRIBUTE NAME ="Reset" VALUE ="NO"/>
            <TABLEATTRIBUTE NAME ="Restart" VALUE ="NO"/>
            <TABLEATTRIBUTE NAME ="Validate XML Source" VALUE ="Validate only if DTD/Schema is present"/>
            <TABLEATTRIBUTE NAME ="Is Partitionable" VALUE ="NO"/>
        </TRANSFORMATION>
        <INSTANCE DESCRIPTION ="" INSTANCEID ="4" NAME ="TS11_XML_INFBOOKS" TRANSFORMATION_NAME ="TS11_XML_INFBOOKS" TRANSFORMATION_TYPE ="Target Definition" TYPE ="TARGET"/>
        <INSTANCE DBDNAME ="XML_File" DESCRIPTION ="" INSTANCEID ="1" NAME ="infbook" TRANSFORMATION_NAME ="infbook" TRANSFORMATION_TYPE ="Source Definition" TYPE ="SOURCE"/>
        <INSTANCE DESCRIPTION ="" INSTANCEID ="2" NAME ="XMLDSQ_infbook" REUSABLE ="NO" TRANSFORMATION_NAME ="XMLDSQ_infbook" TRANSFORMATION_TYPE ="XML Source Qualifier" TYPE ="TRANSFORMATION"/>
        <CONNECTOR FROMFIELD ="title" FROMINSTANCE ="XMLDSQ_infbook" FROMINSTANCETYPE ="XML Source Qualifier" TOFIELD ="titles" TOINSTANCE ="TS11_XML_INFBOOKS" TOINSTANCETYPE ="Target Definition"/>
        <CONNECTOR FROMFIELD ="author" FROMINSTANCE ="XMLDSQ_infbook" FROMINSTANCETYPE ="XML Source Qualifier" TOFIELD ="author" TOINSTANCE ="TS11_XML_INFBOOKS" TOINSTANCETYPE ="Target Definition"/>
        <CONNECTOR FROMFIELD ="year" FROMINSTANCE ="XMLDSQ_infbook" FROMINSTANCETYPE ="XML Source Qualifier" TOFIELD ="years" TOINSTANCE ="TS11_XML_INFBOOKS" TOINSTANCETYPE ="Target Definition"/>
        <CONNECTOR FROMFIELD ="price" FROMINSTANCE ="XMLDSQ_infbook" FROMINSTANCETYPE ="XML Source Qualifier" TOFIELD ="price" TOINSTANCE ="TS11_XML_INFBOOKS" TOINSTANCETYPE ="Target Definition"/>
        <CONNECTOR FROMFIELD ="XPK_books" FROMINSTANCE ="infbook" FROMINSTANCETYPE ="Source Definition" TOFIELD ="XPK_books" TOINSTANCE ="XMLDSQ_infbook" TOINSTANCETYPE ="XML Source Qualifier"/>
        <CONNECTOR FROMFIELD ="title" FROMINSTANCE ="infbook" FROMINSTANCETYPE ="Source Definition" TOFIELD ="title" TOINSTANCE ="XMLDSQ_infbook" TOINSTANCETYPE ="XML Source Qualifier"/>
        <CONNECTOR FROMFIELD ="author" FROMINSTANCE ="infbook" FROMINSTANCETYPE ="Source Definition" TOFIELD ="author" TOINSTANCE ="XMLDSQ_infbook" TOINSTANCETYPE ="XML Source Qualifier"/>
        <CONNECTOR FROMFIELD ="year" FROMINSTANCE ="infbook" FROMINSTANCETYPE ="Source Definition" TOFIELD ="year" TOINSTANCE ="XMLDSQ_infbook" TOINSTANCETYPE ="XML Source Qualifier"/>
        <CONNECTOR FROMFIELD ="price" FROMINSTANCE ="infbook" FROMINSTANCETYPE ="Source Definition" TOFIELD ="price" TOINSTANCE ="XMLDSQ_infbook" TOINSTANCETYPE ="XML Source Qualifier"/>
        <TARGETLOADORDER ORDER ="1" TARGETINSTANCE ="TS11_XML_INFBOOKS"/>
        <ERPINFO/>
    </MAPPING>
    <CONFIG DESCRIPTION ="Default session configuration object" ISDEFAULT ="YES" NAME ="default_session_config" VERSIONNUMBER ="1">
        <ATTRIBUTE NAME ="Advanced" VALUE =""/>
        <ATTRIBUTE NAME ="Constraint based load ordering" VALUE ="NO"/>
        <ATTRIBUTE NAME ="Cache LOOKUP() function" VALUE ="YES"/>
        <ATTRIBUTE NAME ="Default buffer block size" VALUE ="Auto"/>
        <ATTRIBUTE NAME ="Line Sequential buffer length" VALUE ="1024"/>
        <ATTRIBUTE NAME ="Maximum Memory Allowed For Auto Memory Attributes" VALUE ="512MB"/>
        <ATTRIBUTE NAME ="Maximum Percentage of Total Memory Allowed For Auto Memory Attributes" VALUE ="5"/>
        <ATTRIBUTE NAME ="Additional Concurrent Pipelines for Lookup Cache Creation" VALUE ="Auto"/>
        <ATTRIBUTE NAME ="Custom Properties" VALUE =""/>
        <ATTRIBUTE NAME ="Pre-build lookup cache" VALUE ="Auto"/>
        <ATTRIBUTE NAME ="Optimization Level" VALUE ="Medium"/>
        <ATTRIBUTE NAME ="DateTime Format String" VALUE ="MM/DD/YYYY HH24:MI:SS.US"/>
        <ATTRIBUTE NAME ="Pre 85 Timestamp Compatibility" VALUE ="NO"/>
        <ATTRIBUTE NAME ="Log Options" VALUE ="0"/>
        <ATTRIBUTE NAME ="Save session log by" VALUE ="Session runs"/>
        <ATTRIBUTE NAME ="Save session log for these runs" VALUE ="0"/>
        <ATTRIBUTE NAME ="Session Log File Max Size" VALUE ="0"/>
        <ATTRIBUTE NAME ="Session Log File Max Time Period" VALUE ="0"/>
        <ATTRIBUTE NAME ="Maximum Partial Session Log Files" VALUE ="1"/>
        <ATTRIBUTE NAME ="Writer Commit Statistics Log Frequency" VALUE ="1"/>
        <ATTRIBUTE NAME ="Writer Commit Statistics Log Interval" VALUE ="0"/>
        <ATTRIBUTE NAME ="Error handling" VALUE =""/>
        <ATTRIBUTE NAME ="Stop on errors" VALUE ="0"/>
        <ATTRIBUTE NAME ="Override tracing" VALUE ="None"/>
        <ATTRIBUTE NAME ="On Stored Procedure error" VALUE ="Stop"/>
        <ATTRIBUTE NAME ="On Pre-session command task error" VALUE ="Stop"/>
        <ATTRIBUTE NAME ="On Pre-Post SQL error" VALUE ="Stop"/>
        <ATTRIBUTE NAME ="Enable Recovery" VALUE ="NO"/>
        <ATTRIBUTE NAME ="Error Log Type" VALUE ="None"/>
        <ATTRIBUTE NAME ="Error Log Table Name Prefix" VALUE =""/>
        <ATTRIBUTE NAME ="Error Log File Name" VALUE ="PMError.log"/>
        <ATTRIBUTE NAME ="Log Source Row Data" VALUE ="NO"/>
        <ATTRIBUTE NAME ="Data Column Delimiter" VALUE ="|"/>
        <ATTRIBUTE NAME ="Partitioning Options" VALUE =""/>
        <ATTRIBUTE NAME ="Dynamic Partitioning" VALUE ="Disabled"/>
        <ATTRIBUTE NAME ="Number of Partitions" VALUE ="1"/>
        <ATTRIBUTE NAME ="Multiplication Factor" VALUE ="Auto"/>
        <ATTRIBUTE NAME ="Session on Grid" VALUE =""/>
        <ATTRIBUTE NAME ="Is Enabled" VALUE ="NO"/>
    </CONFIG>
    <WORKFLOW DESCRIPTION ="These workflows are created from the Workflow Generation Wizard." ISENABLED ="YES" ISRUNNABLESERVICE ="NO" ISSERVICE ="NO" ISVALID ="YES" NAME ="wf_m_TS11_XML_DB1" REUSABLE_SCHEDULER ="NO" SCHEDULERNAME ="Scheduler" SERVERNAME ="ravana" SERVER_DOMAINNAME ="RAWAN" SUSPEND_ON_ERROR ="NO" TASKS_MUST_RUN_ON_SERVER ="NO" VERSIONNUMBER ="1">
        <SCHEDULER DESCRIPTION ="" NAME ="Scheduler" REUSABLE ="NO" VERSIONNUMBER ="1">
            <SCHEDULEINFO SCHEDULETYPE ="ONDEMAND"/>
        </SCHEDULER>
        <TASK DESCRIPTION ="" NAME ="Start" REUSABLE ="NO" TYPE ="Start" VERSIONNUMBER ="1"/>
        <SESSION DESCRIPTION ="" ISVALID ="YES" MAPPINGNAME ="m_TS11_XML_DB1" NAME ="s_m_TS11_XML_DB1" REUSABLE ="NO" SORTORDER ="Binary" VERSIONNUMBER ="1">
            <SESSTRANSFORMATIONINST ISREPARTITIONPOINT ="NO" PIPELINE ="0" SINSTANCENAME ="infbook" STAGE ="0" TRANSFORMATIONNAME ="infbook" TRANSFORMATIONTYPE ="Source Definition">
                <FLATFILE CODEPAGE ="MS1252" CONSECDELIMITERSASONE ="NO" DELIMITED ="NO" DELIMITERS ="," ESCAPE_CHARACTER ="" KEEPESCAPECHAR ="NO" LINESEQUENTIAL ="NO" MULTIDELIMITERSASAND ="NO" NULLCHARTYPE ="ASCII" NULL_CHARACTER ="*" PADBYTES ="1" QUOTE_CHARACTER ="NONE" REPEATABLE ="NO" ROWDELIMITER ="0" SKIPROWS ="0" STRIPTRAILINGBLANKS ="NO"/>
            </SESSTRANSFORMATIONINST>
            <SESSTRANSFORMATIONINST ISREPARTITIONPOINT ="YES" PARTITIONTYPE ="PASS THROUGH" PIPELINE ="1" SINSTANCENAME ="XMLDSQ_infbook" STAGE ="1" TRANSFORMATIONNAME ="XMLDSQ_infbook" TRANSFORMATIONTYPE ="XML Source Qualifier"/>
            <SESSTRANSFORMATIONINST ISREPARTITIONPOINT ="YES" PARTITIONTYPE ="PASS THROUGH" PIPELINE ="1" SINSTANCENAME ="TS11_XML_INFBOOKS" STAGE ="2" TRANSFORMATIONNAME ="TS11_XML_INFBOOKS" TRANSFORMATIONTYPE ="Target Definition"/>
            <CONFIGREFERENCE REFOBJECTNAME ="default_session_config" TYPE ="Session config"/>
            <SESSIONEXTENSION DSQINSTNAME ="XMLDSQ_infbook" DSQINSTTYPE ="XML Source Qualifier" NAME ="XML Reader" SINSTANCENAME ="infbook" SUBTYPE ="XML Reader" TRANSFORMATIONTYPE ="Source Definition" TYPE ="READER">
                <CONNECTIONREFERENCE CNXREFNAME ="Connection" CONNECTIONNAME ="" CONNECTIONNUMBER ="1" CONNECTIONSUBTYPE ="" CONNECTIONTYPE ="" VARIABLE =""/>
                <ATTRIBUTE NAME ="Treat empty content as NULL" VALUE ="NO"/>
                <ATTRIBUTE NAME ="Source file directory" VALUE ="$PMSourceFileDir&#x5c;"/>
                <ATTRIBUTE NAME ="Source filename" VALUE ="data.xml"/>
                <ATTRIBUTE NAME ="Source filetype" VALUE ="Direct"/>
            </SESSIONEXTENSION>
            <SESSIONEXTENSION NAME ="XML Reader" SINSTANCENAME ="XMLDSQ_infbook" SUBTYPE ="XML Reader" TRANSFORMATIONTYPE ="XML Source Qualifier" TYPE ="READER"/>
            <SESSIONEXTENSION NAME ="Relational Writer" SINSTANCENAME ="TS11_XML_INFBOOKS" SUBTYPE ="Relational Writer" TRANSFORMATIONTYPE ="Target Definition" TYPE ="WRITER">
                <CONNECTIONREFERENCE CNXREFNAME ="DB Connection" CONNECTIONNAME ="Teradata" CONNECTIONNUMBER ="1" CONNECTIONSUBTYPE ="Teradata" CONNECTIONTYPE ="Relational" VARIABLE =""/>
                <ATTRIBUTE NAME ="Target load type" VALUE ="Bulk"/>
                <ATTRIBUTE NAME ="Insert" VALUE ="YES"/>
                <ATTRIBUTE NAME ="Update as Update" VALUE ="YES"/>
                <ATTRIBUTE NAME ="Update as Insert" VALUE ="NO"/>
                <ATTRIBUTE NAME ="Update else Insert" VALUE ="NO"/>
                <ATTRIBUTE NAME ="Delete" VALUE ="YES"/>
                <ATTRIBUTE NAME ="Truncate target table option" VALUE ="NO"/>
                <ATTRIBUTE NAME ="Reject file directory" VALUE ="$PMBadFileDir&#x5c;"/>
                <ATTRIBUTE NAME ="Reject filename" VALUE ="Teradata"/>
            </SESSIONEXTENSION>
            <ATTRIBUTE NAME ="General Options" VALUE =""/>
            <ATTRIBUTE NAME ="Write Backward Compatible Session Log File" VALUE ="NO"/>
            <ATTRIBUTE NAME ="Session Log File Name" VALUE ="s_m_TS11_XML_DB1.log"/>
            <ATTRIBUTE NAME ="Session Log File directory" VALUE ="$PMSessionLogDir&#x5c;"/>
            <ATTRIBUTE NAME ="Parameter Filename" VALUE =""/>
            <ATTRIBUTE NAME ="Enable Test Load" VALUE ="NO"/>
            <ATTRIBUTE NAME ="$Source connection value" VALUE =""/>
            <ATTRIBUTE NAME ="$Target connection value" VALUE =""/>
            <ATTRIBUTE NAME ="Treat source rows as" VALUE ="Insert"/>
            <ATTRIBUTE NAME ="Commit Type" VALUE ="Target"/>
            <ATTRIBUTE NAME ="Commit Interval" VALUE ="10000"/>
            <ATTRIBUTE NAME ="Commit On End Of File" VALUE ="YES"/>
            <ATTRIBUTE NAME ="Rollback Transactions on Errors" VALUE ="NO"/>
            <ATTRIBUTE NAME ="Recovery Strategy" VALUE ="Fail task and continue workflow"/>
            <ATTRIBUTE NAME ="Java Classpath" VALUE =""/>
            <ATTRIBUTE NAME ="Performance" VALUE =""/>
            <ATTRIBUTE NAME ="DTM buffer size" VALUE ="24000000"/>
            <ATTRIBUTE NAME ="Collect performance data" VALUE ="NO"/>
            <ATTRIBUTE NAME ="Write performance data to repository" VALUE ="NO"/>
            <ATTRIBUTE NAME ="Incremental Aggregation" VALUE ="NO"/>
            <ATTRIBUTE NAME ="Session retry on deadlock" VALUE ="NO"/>
            <ATTRIBUTE NAME ="Pushdown Optimization" VALUE ="None"/>
            <ATTRIBUTE NAME ="Allow Temporary View for Pushdown" VALUE ="NO"/>
            <ATTRIBUTE NAME ="Allow Temporary Sequence for Pushdown" VALUE ="NO"/>
            <ATTRIBUTE NAME ="Allow Pushdown for User Incompatible Connections" VALUE ="NO"/>
        </SESSION>
        <TASKINSTANCE DESCRIPTION ="" ISENABLED ="YES" NAME ="Start" REUSABLE ="NO" TASKNAME ="Start" TASKTYPE ="Start"/>
        <TASKINSTANCE DESCRIPTION ="" FAIL_PARENT_IF_INSTANCE_DID_NOT_RUN ="NO" FAIL_PARENT_IF_INSTANCE_FAILS ="YES" ISENABLED ="YES" NAME ="s_m_TS11_XML_DB1" REUSABLE ="NO" TASKNAME ="s_m_TS11_XML_DB1" TASKTYPE ="Session" TREAT_INPUTLINK_AS_AND ="YES"/>
        <WORKFLOWLINK CONDITION ="" FROMTASK ="Start" TOTASK ="s_m_TS11_XML_DB1"/>
        <WORKFLOWVARIABLE DATATYPE ="date/time" DEFAULTVALUE ="" DESCRIPTION ="The time this task started" ISNULL ="NO" ISPERSISTENT ="NO" NAME ="$Start.StartTime" USERDEFINED ="NO"/>
        <WORKFLOWVARIABLE DATATYPE ="date/time" DEFAULTVALUE ="" DESCRIPTION ="The time this task completed" ISNULL ="NO" ISPERSISTENT ="NO" NAME ="$Start.EndTime" USERDEFINED ="NO"/>
        <WORKFLOWVARIABLE DATATYPE ="integer" DEFAULTVALUE ="" DESCRIPTION ="Status of this task&apos;s execution" ISNULL ="NO" ISPERSISTENT ="NO" NAME ="$Start.Status" USERDEFINED ="NO"/>
        <WORKFLOWVARIABLE DATATYPE ="integer" DEFAULTVALUE ="" DESCRIPTION ="Status of the previous task that is not disabled" ISNULL ="NO" ISPERSISTENT ="NO" NAME ="$Start.PrevTaskStatus" USERDEFINED ="NO"/>
        <WORKFLOWVARIABLE DATATYPE ="integer" DEFAULTVALUE ="" DESCRIPTION ="Error code for this task&apos;s execution" ISNULL ="NO" ISPERSISTENT ="NO" NAME ="$Start.ErrorCode" USERDEFINED ="NO"/>
        <WORKFLOWVARIABLE DATATYPE ="string" DEFAULTVALUE ="" DESCRIPTION ="Error message for this task&apos;s execution" ISNULL ="NO" ISPERSISTENT ="NO" NAME ="$Start.ErrorMsg" USERDEFINED ="NO"/>
        <WORKFLOWVARIABLE DATATYPE ="date/time" DEFAULTVALUE ="" DESCRIPTION ="The time this task started" ISNULL ="NO" ISPERSISTENT ="NO" NAME ="$s_m_TS11_XML_DB1.StartTime" USERDEFINED ="NO"/>
        <WORKFLOWVARIABLE DATATYPE ="date/time" DEFAULTVALUE ="" DESCRIPTION ="The time this task completed" ISNULL ="NO" ISPERSISTENT ="NO" NAME ="$s_m_TS11_XML_DB1.EndTime" USERDEFINED ="NO"/>
        <WORKFLOWVARIABLE DATATYPE ="integer" DEFAULTVALUE ="" DESCRIPTION ="Status of this task&apos;s execution" ISNULL ="NO" ISPERSISTENT ="NO" NAME ="$s_m_TS11_XML_DB1.Status" USERDEFINED ="NO"/>
        <WORKFLOWVARIABLE DATATYPE ="integer" DEFAULTVALUE ="" DESCRIPTION ="Status of the previous task that is not disabled" ISNULL ="NO" ISPERSISTENT ="NO" NAME ="$s_m_TS11_XML_DB1.PrevTaskStatus" USERDEFINED ="NO"/>
        <WORKFLOWVARIABLE DATATYPE ="integer" DEFAULTVALUE ="" DESCRIPTION ="Error code for this task&apos;s execution" ISNULL ="NO" ISPERSISTENT ="NO" NAME ="$s_m_TS11_XML_DB1.ErrorCode" USERDEFINED ="NO"/>
        <WORKFLOWVARIABLE DATATYPE ="string" DEFAULTVALUE ="" DESCRIPTION ="Error message for this task&apos;s execution" ISNULL ="NO" ISPERSISTENT ="NO" NAME ="$s_m_TS11_XML_DB1.ErrorMsg" USERDEFINED ="NO"/>
        <WORKFLOWVARIABLE DATATYPE ="integer" DEFAULTVALUE ="" DESCRIPTION ="Rows successfully read" ISNULL ="NO" ISPERSISTENT ="NO" NAME ="$s_m_TS11_XML_DB1.SrcSuccessRows" USERDEFINED ="NO"/>
        <WORKFLOWVARIABLE DATATYPE ="integer" DEFAULTVALUE ="" DESCRIPTION ="Rows failed to read" ISNULL ="NO" ISPERSISTENT ="NO" NAME ="$s_m_TS11_XML_DB1.SrcFailedRows" USERDEFINED ="NO"/>
        <WORKFLOWVARIABLE DATATYPE ="integer" DEFAULTVALUE ="" DESCRIPTION ="Rows successfully loaded" ISNULL ="NO" ISPERSISTENT ="NO" NAME ="$s_m_TS11_XML_DB1.TgtSuccessRows" USERDEFINED ="NO"/>
        <WORKFLOWVARIABLE DATATYPE ="integer" DEFAULTVALUE ="" DESCRIPTION ="Rows failed to load" ISNULL ="NO" ISPERSISTENT ="NO" NAME ="$s_m_TS11_XML_DB1.TgtFailedRows" USERDEFINED ="NO"/>
        <WORKFLOWVARIABLE DATATYPE ="integer" DEFAULTVALUE ="" DESCRIPTION ="Total number of transformation errors" ISNULL ="NO" ISPERSISTENT ="NO" NAME ="$s_m_TS11_XML_DB1.TotalTransErrors" USERDEFINED ="NO"/>
        <WORKFLOWVARIABLE DATATYPE ="integer" DEFAULTVALUE ="" DESCRIPTION ="First error code" ISNULL ="NO" ISPERSISTENT ="NO" NAME ="$s_m_TS11_XML_DB1.FirstErrorCode" USERDEFINED ="NO"/>
        <WORKFLOWVARIABLE DATATYPE ="string" DEFAULTVALUE ="" DESCRIPTION ="First error message" ISNULL ="NO" ISPERSISTENT ="NO" NAME ="$s_m_TS11_XML_DB1.FirstErrorMsg" USERDEFINED ="NO"/>
        <ATTRIBUTE NAME ="Parameter Filename" VALUE =""/>
        <ATTRIBUTE NAME ="Write Backward Compatible Workflow Log File" VALUE ="NO"/>
        <ATTRIBUTE NAME ="Workflow Log File Name" VALUE ="wf_m_TS11_XML_DB1.log"/>
        <ATTRIBUTE NAME ="Workflow Log File Directory" VALUE ="$PMWorkflowLogDir&#x5c;"/>
        <ATTRIBUTE NAME ="Save Workflow log by" VALUE ="By runs"/>
        <ATTRIBUTE NAME ="Save workflow log for these runs" VALUE ="0"/>
        <ATTRIBUTE NAME ="Service Name" VALUE =""/>
        <ATTRIBUTE NAME ="Service Timeout" VALUE ="0"/>
        <ATTRIBUTE NAME ="Is Service Visible" VALUE ="NO"/>
        <ATTRIBUTE NAME ="Is Service Protected" VALUE ="NO"/>
        <ATTRIBUTE NAME ="Enable HA recovery" VALUE ="NO"/>
        <ATTRIBUTE NAME ="Automatically recover terminated tasks" VALUE ="NO"/>
        <ATTRIBUTE NAME ="Service Level Name" VALUE ="Default"/>
        <ATTRIBUTE NAME ="Allow concurrent run with unique run instance name" VALUE ="NO"/>
        <ATTRIBUTE NAME ="Allow concurrent run with same run instance name" VALUE ="NO"/>
        <ATTRIBUTE NAME ="Maximum number of concurrent runs" VALUE ="0"/>
        <ATTRIBUTE NAME ="Assigned Web Services Hubs" VALUE =""/>
        <ATTRIBUTE NAME ="Maximum number of concurrent runs per Hub" VALUE ="1000"/>
        <ATTRIBUTE NAME ="Expected Service Time" VALUE ="1"/>
    </WORKFLOW>
</FOLDER>
</REPOSITORY>
</POWERMART>